序号,学校名称,排名,校名,校名,校名,校名,校名,校名,校名
1,北京大学,1,北京,,,,,,
2,中国人民大学,5,中国,人民,,,,,
3,清华大学,2,清华,,,,,,
4,北京交通大学,44,北京,交通,,,,,
5,北京工业大学,92,北京,工业,,,,,
6,北京航空航天大学,25,北京,航空,,航天,天大,,
7,北京理工大学,29,北京,理工,理工大,,,,
8,北京科技大学,42,北京,科技,,,,,
9,北方工业大学,328,北方,工业,,,,,
10,北京化工大学,77,北京,化工,,,,,
11,北京工商大学,251,北京,工商,商大,,,,
12,北京服装学院,356,北京,服装,,,,,
13,北京邮电大学,58,北京,邮电,电大,,,,
14,北京印刷学院,419,北京,印刷,,,,,
15,北京建筑大学,293,北京,建筑,,,,,
16,北京石油化工学院,447,北京,石油,化工,石油化工,,,
17,北京电子科技学院,702,北京,电子,科技,电子科技,,,
18,中国农业大学,34,中国,农业,,,,,
19,北京农学院,419,北京,农学,农学院,,,,
20,北京林业大学,105,北京,林业,,,,,
21,北京协和医学院,71,北京,协和,医学,医学院,,,
22,首都医科大学,108,首都,医科大,,,,,
23,北京中医药大学,146,北京,中医,医药,中医药,,,
24,北京师范大学,17,北京,京师,师范,,,,
25,首都师范大学,83,首都,师范,,,,,
26,首都体育学院,暂无,首都,体育,,,,,
27,北京外国语大学,暂无,北京,外国语,,,,,
28,北京第二外国语学院,暂无,北京,二外,外国语,,,,
29,北京语言大学,138,北京,语言,,,,,
30,中国传媒大学,暂无,中国,传媒,传媒大学,,,,
31,中央财经大学,113,中央,财经,中央财经,,,,
32,对外经济贸易大学,95,对外,外经,经济,贸易,,,
33,北京物资学院,452,北京,物资,,,,,
34,首都经济贸易大学,181,首都,经济,贸易,贸易大学,,,
35,外交学院,暂无,外交,外交学,,,,,
36,中国人民公安大学,暂无,中国,人民,公安,公安大学,,,
37,国际关系学院,暂无,国际,关系,,,,,
38,北京体育大学,暂无,北京,体育,,,,,
39,中央音乐学院,暂无,中央,音乐,音乐学,,,,
40,中国音乐学院,暂无,中国,国音,音乐,音乐学,,,
41,中央美术学院,暂无,中央,美术,术学,美术学,,,
42,中央戏剧学院,暂无,中央,戏剧,,,,,
43,中国戏曲学院,暂无,中国,戏曲,曲学,,,,
44,北京电影学院,暂无,北京,电影,电影学,,,,
45,北京舞蹈学院,暂无,北京,舞蹈,,,,,
46,中央民族大学,98,中央,民族,,,,,
47,中国政法大学,74,中国,国政,政法,政法大,,,
48,华北电力大学,118,华北,北电,电力,华北电,,,
49,中华女子学院,523,中华,女子,,,,,
50,北京信息科技大学,283,北京,信息,科技,,,,
51,中国矿业大学（北京）,230,中国,矿业,中国矿业大学,北京,,,
52,中国石油大学（北京）,117,中国,石油,石油大学,北京,,,
53,中国地质大学（北京）,167,中国,地质,中国地质大学,北京,,,
54,北京联合大学,320,北京,联合,,,,,
55,北京城市学院,#N/A,北京,城市,,,,,
56,中国青年政治学院,476,中国,青年,政治,治学,政治学,,
57,首钢工学院,723,首钢,工学院,,,,,
58,中国劳动关系学院,593,中国,劳动,关系,,,,
59,北京吉利学院,#N/A,北京,吉利,,,,,
60,首都师范大学科德学院,#N/A,首都,师范,首都师范大学,科德,,,
61,北京工商大学嘉华学院,#N/A,北京,工商,商大,北京工商大学,嘉华,,
62,北京邮电大学世纪学院,#N/A,北京,邮电,电大,北京邮电大学,世纪,,
63,北京工业大学耿丹学院,#N/A,北京,工业,北京工业大学,耿丹,,,
64,北京警察学院,暂无,北京,警察,,,,,
65,北京第二外国语学院中瑞酒店管理学院,#N/A,北京,二外,中瑞,酒店,管理,,
66,中国科学院大学,3,中国,科学院,中国科学院,,,,
67,中国社会科学院大学,暂无,中国,社会,科学院,中国社会科学院,,,
68,北京工业职业技术学院,#N/A,北京,工业,职业,技术,,,
69,北京信息职业技术学院,#N/A,北京,信息,职业,技术,,,
70,北京电子科技职业学院,#N/A,北京,电子,科技,电子科技,职业,,
71,北京京北职业技术学院,#N/A,北京,京北,职业,技术,,,
72,北京交通职业技术学院,#N/A,北京,交通,职业,技术,,,
73,北京青年政治学院,#N/A,北京,青年,政治,,,,
74,北京农业职业学院,#N/A,北京,农业,职业,,,,
75,北京政法职业学院,#N/A,北京,政法,职业,,,,
76,北京财贸职业学院,#N/A,北京,财贸,职业,,,,
77,"北京北大方正软件职业技术
学院",#N/A,北京,北大,北大方正,软件,职业,技术,
78,北京经贸职业学院,#N/A,北京,经贸,职业,,,,
79,北京经济技术职业学院,#N/A,北京,经济,技术,职业,,,
80,北京戏曲艺术职业学院,#N/A,北京,戏曲,艺术,职业,,,
81,北京汇佳职业学院,#N/A,北京,汇佳,职业,,,,
82,北京科技经营管理学院,#N/A,北京,科技,经营,管理,,,
83,北京科技职业学院,#N/A,北京,科技,职业,,,,
84,北京培黎职业学院,#N/A,北京,培黎,职业,,,,
85,北京经济管理职业学院,#N/A,北京,经济,管理,职业,,,
86,北京劳动保障职业学院,#N/A,北京,劳动,保障,职业,,,
87,北京社会管理职业学院,#N/A,北京,社会,管理,职业,,,
88,北京艺术传媒职业学院,#N/A,北京,艺术,传媒,职业,,,
89,北京体育职业学院,#N/A,北京,体育,职业,,,,
90,北京交通运输职业学院,#N/A,北京,交通,通运,运输,交通运输,职业,
91,北京卫生职业学院,#N/A,北京,卫生,职业,,,,
92,北京网络职业学院,#N/A,北京,网络,职业,,,,
1,南开大学,16,南开,开大,,,,,
2,天津大学,13,天津,,,,,,
3,天津科技大学,207,天津,科技,,,,,
4,天津工业大学,147,天津,工业,,,,,
5,中国民航大学,261,中国,国民,民航,中国民航,,,
6,天津理工大学,205,天津,理工,理工大,理工大学,,,
7,天津农学院,404,天津,农学,农学院,,,,
8,天津医科大学,145,天津,医科大,,,,,
9,天津中医药大学,213,天津,中医,医药,中医药,中医药大学,,
10,天津师范大学,96,天津,师范,,,,,
11,天津职业技术师范大学,296,天津,职业,技术,师范,师范大学,,
12,天津外国语大学,暂无,天津,外国语,,,,,
13,天津商业大学,313,天津,商业,,,,,
14,天津财经大学,218,天津,财经,财经大学,,,,
15,天津体育学院,暂无,天津,体育,,,,,
16,天津音乐学院,暂无,天津,音乐,音乐学,,,,
17,天津美术学院,暂无,天津,美术,术学,美术学,,,
18,天津城建大学,359,天津,城建,,,,,
19,天津天狮学院,#N/A,天津,天狮,,,,,
20,天津中德应用技术大学,703,天津,中,德,技术,,,
21,天津外国语大学滨海外事学院,#N/A,天津,外国语,滨海,外事,外事学院,,
22,"天津体育学院运动与文化艺术
学院",#N/A,天津,体育,天津体育学院,运动,文化,艺术,
23,天津商业大学宝德学院,#N/A,天津,商业,宝德,,,,
24,天津医科大学临床医学院,#N/A,天津,医科大,天津医科大学,临床,医学,医学院,
25,南开大学滨海学院,#N/A,南开,开大,南开大学,滨海,滨海学院,,
26,天津师范大学津沽学院,#N/A,天津,师范,天津师范大学,津沽,,,
27,天津理工大学中环信息学院,#N/A,天津,理工,理工大,理工大学,中环,信息,
28,北京科技大学天津学院,#N/A,北京,科技,北京科技大学,天津,,,
29,天津大学仁爱学院,#N/A,天津,天津大学,仁爱,,,,
30,天津财经大学珠江学院,#N/A,天津,财经,财经大学,珠江,,,
31,天津市职业大学,#N/A,天津,津市,天津市,职业,,,
32,天津滨海职业学院,#N/A,天津,滨海,职业,,,,
33,天津工程职业技术学院,#N/A,天津,工程,职业,技术,,,
34,天津青年职业学院,#N/A,天津,青年,职业,,,,
35,天津渤海职业技术学院,#N/A,天津,渤海,职业,技术,,,
36,天津电子信息职业技术学院,#N/A,天津,电子,信息,电子信息,职业,技术,
37,天津机电职业技术学院,#N/A,天津,机电,职业,技术,,,
38,天津现代职业技术学院,#N/A,天津,职业,技术,,,,
39,天津公安警官职业学院,#N/A,天津,公安,警官,职业,,,
40,天津轻工职业技术学院,#N/A,天津,轻工,职业,技术,,,
41,天津商务职业学院,#N/A,天津,商务,职业,,,,
42,天津国土资源和房屋职业学院,#N/A,天津,国土,资源,国土资源,房屋,职业,
43,天津医学高等专科学校,#N/A,天津,医学,专科,专科学校,,,
44,天津开发区职业技术学院,#N/A,天津,开发,开发区,天津开发区,职业,技术,
45,天津艺术职业学院,#N/A,天津,艺术,职业,,,,
46,天津交通职业学院,#N/A,天津,交通,职业,,,,
47,天津冶金职业技术学院,#N/A,天津,冶金,职业,技术,,,
48,天津石油职业技术学院,#N/A,天津,石油,职业,技术,,,
49,天津城市职业学院,#N/A,天津,城市,职业,,,,
50,天津铁道职业技术学院,#N/A,天津,铁道,职业,技术,,,
51,天津工艺美术职业学院,#N/A,天津,工艺,美术,工艺美术,职业,,
52,"天津城市建设管理职业技术
学院",#N/A,天津,城市,建设,管理,职业,技术,
53,天津生物工程职业技术学院,#N/A,天津,生物,工程,生物工程,职业,技术,
54,天津海运职业学院,#N/A,天津,海运,职业,,,,
55,天津广播影视职业学院,#N/A,天津,广播,影视,职业,,,
56,天津体育职业学院,#N/A,天津,体育,职业,,,,
57,天津滨海汽车工程职业学院,#N/A,天津,滨海,汽车,工程,职业,,
1,河北大学,100,河北,北大,,,,,
2,河北工程大学,350,河北,工程,,,,,
3,河北地质大学,391,河北,地质,,,,,
4,河北工业大学,141,河北,工业,,,,,
5,华北理工大学,323,华北,理工,理工大,理工大学,,,
6,河北科技大学,256,河北,科技,,,,,
7,河北建筑工程学院,593,河北,建筑,工程,工程学院,,,
8,河北水利电力学院,727,河北,水利,电力,水利电力,,,
9,河北农业大学,182,河北,农业,,,,,
10,河北医科大学,279,河北,医科大,医科大学,,,,
11,河北北方学院,523,河北,北方,,,,,
12,承德医学院,483,承德,医学,医学院,,,,
13,河北师范大学,147,河北,北师,师范,,,,
14,保定学院,593,保定,,,,,,
15,河北民族师范学院,665,河北,民族,师范,师范学院,,,
16,唐山师范学院,613,唐山,师范,师范学院,,,,
17,廊坊师范学院,625,廊坊,师范,师范学院,,,,
18,衡水学院,651,衡水,,,,,,
19,石家庄学院,635,石家,家庄,石家庄,,,,
20,邯郸学院,635,邯郸,,,,,,
21,邢台学院,680,邢台,,,,,,
22,沧州师范学院,651,沧州,师范,师范学院,,,,
23,石家庄铁道大学,248,石家,家庄,石家庄,铁道,,,
24,燕山大学,80,燕山,山大,,,,,
25,河北科技师范学院,483,河北,科技,师范,师范学院,,,
26,唐山学院,635,唐山,,,,,,
27,华北科技学院,573,华北,科技,,,,,
28,中国人民武装警察部队学院,暂无,中国,人民,武装,警察,部队,中国人民武装警察部队,
29,河北体育学院,暂无,河北,体育,,,,,
30,河北金融学院,541,河北,金融,,,,,
31,北华航天工业学院,533,北华,航天,天工,工业,航天工业,,
32,防灾科技学院,593,防灾,科技,,,,,
33,河北经贸大学,304,河北,经贸,经贸大学,,,,
34,中央司法警官学院,暂无,中央,司法,警官,,,,
35,河北传媒学院,#N/A,河北,传媒,,,,,
36,河北工程技术学院,#N/A,河北,工程,技术,工程技术,,,
37,河北美术学院,#N/A,河北,美术,术学,美术学,美术学院,,
38,河北科技学院,#N/A,河北,科技,,,,,
39,河北外国语学院,#N/A,河北,外国语,,,,,
40,河北大学工商学院,#N/A,河北,北大,河北大学,工商,商学,商学院,工商学院
41,华北理工大学轻工学院,#N/A,华北,理工,理工大,理工大学,轻工,工学院,轻工学院
42,河北科技大学理工学院,#N/A,河北,科技,理工,工学院,理工学院,,
43,河北师范大学汇华学院,#N/A,河北,北师,师范,河北师范大学,汇华,,
44,河北经贸大学经济管理学院,#N/A,河北,经贸,经贸大学,经济,管理,,
45,河北医科大学临床学院,#N/A,河北,医科大,医科大学,临床,,,
46,华北电力大学科技学院,#N/A,华北,北电,电力,华北电,华北电力大学,科技,
47,河北工程大学科信学院,#N/A,河北,工程,学科,信,,,
48,河北工业大学城市学院,#N/A,河北,工业,城市,,,,
49,燕山大学里仁学院,#N/A,燕山,山大,燕山大学,里仁,,,
50,石家庄铁道大学四方学院,#N/A,石家,家庄,石家庄,铁道,四方,,
51,河北地质大学华信学院,#N/A,河北,地质,华信,,,,
52,河北农业大学现代科技学院,#N/A,河北,农业,河北农业大学,科技,现代科技,,
53,华北理工大学冀唐学院,#N/A,华北,理工,理工大,理工大学,冀唐,,
54,中国地质大学长城学院,#N/A,中国,地质,中国地质大学,长城,,,
55,燕京理工学院,#N/A,燕京,理工,工学院,理工学院,,,
56,北京中医药大学东方学院,#N/A,北京,中医,医药,中医药,北京中医药大学,东方,
57,北京交通大学海滨学院,#N/A,北京,交通,海滨,,,,
58,河北东方学院,#N/A,河北,东方,,,,,
59,河北中医学院,452,河北,中医,医学,中医学,医学院,中医学院,
60,张家口学院,686,张家,家口,张家口,,,,
61,河北环境工程学院,723,河北,环境,工程,工程学院,,,
62,河北工业职业技术学院,#N/A,河北,工业,职业,技术,,,
63,邯郸职业技术学院,#N/A,邯郸,职业,技术,,,,
64,石家庄职业技术学院,#N/A,石家,家庄,石家庄,职业,技术,,
65,张家口职业技术学院,#N/A,张家,家口,张家口,职业,技术,,
66,承德石油高等专科学校,#N/A,承德,石油,专科,专科学校,,,
67,邢台职业技术学院,#N/A,邢台,职业,技术,,,,
68,河北软件职业技术学院,#N/A,河北,软件,职业,技术,,,
69,河北石油职业技术学院,#N/A,河北,石油,职业,技术,,,
70,河北建材职业技术学院,#N/A,河北,建材,职业,技术,,,
71,河北政法职业学院,#N/A,河北,政法,职业,,,,
72,沧州职业技术学院,#N/A,沧州,职业,技术,,,,
73,河北能源职业技术学院,#N/A,河北,能源,职业,技术,,,
74,石家庄铁路职业技术学院,#N/A,石家,家庄,石家庄,铁路,职业,技术,
75,保定职业技术学院,#N/A,保定,职业,技术,,,,
76,秦皇岛职业技术学院,#N/A,秦皇,秦皇岛,职业,技术,,,
77,石家庄工程职业学院,#N/A,石家,家庄,石家庄,工程,职业,,
78,石家庄城市经济职业学院,#N/A,石家,家庄,石家庄,城市,经济,职业,
79,唐山职业技术学院,#N/A,唐山,职业,技术,,,,
80,衡水职业技术学院,#N/A,衡水,职业,技术,,,,
81,唐山工业职业技术学院,#N/A,唐山,工业,职业,技术,,,
82,邢台医学高等专科学校,#N/A,邢台,医学,专科,专科学校,,,
83,河北省艺术职业学院,#N/A,河北,河北省,艺术,职业,,,
84,河北旅游职业学院,#N/A,河北,旅游,职业,,,,
85,石家庄财经职业学院,#N/A,石家,家庄,石家庄,财经,职业,,
86,河北交通职业技术学院,#N/A,河北,交通,职业,技术,,,
87,河北化工医药职业技术学院,#N/A,河北,化工,医药,职业,技术,,
88,石家庄信息工程职业学院,#N/A,石家,家庄,石家庄,信息,工程,信息工程,职业
89,河北对外经贸职业学院,#N/A,河北,对外,外经,经贸,外经贸,对外经贸,职业
90,保定电力职业技术学院,#N/A,保定,电力,职业,技术,,,
91,河北机电职业技术学院,#N/A,河北,机电,职业,技术,,,
92,渤海石油职业学院,#N/A,渤海,石油,职业,,,,
93,廊坊职业技术学院,#N/A,廊坊,职业,技术,,,,
94,唐山科技职业技术学院,#N/A,唐山,科技,职业,技术,,,
95,石家庄邮电职业技术学院,#N/A,石家,家庄,石家庄,邮电,职业,技术,
96,河北公安警察职业学院,#N/A,河北,公安,警察,职业,,,
97,石家庄工商职业学院,#N/A,石家,家庄,石家庄,工商,商职,职业,工商职业
98,石家庄理工职业学院,#N/A,石家,家庄,石家庄,理工,职业,,
99,石家庄科技信息职业学院,#N/A,石家,家庄,石家庄,科技,信息,职业,
100,河北司法警官职业学院,#N/A,河北,司法,警官,职业,,,
101,沧州医学高等专科学校,#N/A,沧州,医学,专科,专科学校,,,
102,河北女子职业技术学院,#N/A,河北,女子,职业,技术,,,
103,石家庄医学高等专科学校,#N/A,石家,家庄,石家庄,医学,专科,专科学校,
104,石家庄经济职业学院,#N/A,石家,家庄,石家庄,经济,职业,,
105,冀中职业学院,#N/A,冀中,职业,,,,,
106,石家庄人民医学高等专科学校,#N/A,石家庄,人民,医学,专科学校,,,
107,石家庄科技工程职业学院,#N/A,石家,家庄,石家庄,科技,工程,职业,
108,河北劳动关系职业学院,#N/A,河北,劳动,关系,职业,,,
109,石家庄科技职业学院,#N/A,石家,家庄,石家庄,科技,职业,,
110,泊头职业学院,#N/A,泊头,职业,,,,,
111,宣化科技职业学院,#N/A,宣化,科技,职业,,,,
112,廊坊燕京职业技术学院,#N/A,廊坊,燕京,职业,技术,,,
113,承德护理职业学院,#N/A,承德,护理,职业,护理职业,,,
114,石家庄幼儿师范高等专科学校,#N/A,石家庄,幼儿,师范,专科学校,,,
115,廊坊卫生职业学院,#N/A,廊坊,卫生,职业,,,,
116,河北轨道运输职业技术学院,#N/A,河北,轨道,运输,职业,技术,,
117,保定幼儿师范高等专科学校,#N/A,保定,幼儿,师范,专科,专科学校,,
118,河北工艺美术职业学院,#N/A,河北,工艺,美术,工艺美术,职业,,
119,渤海理工职业学院,#N/A,渤海,理工,职业,,,,
120,唐山幼儿师范高等专科学校,#N/A,唐山,幼儿,师范,专科,专科学校,,
121,曹妃甸职业技术学院,#N/A,曹妃甸,职业,技术,,,,
1,山西大学,97,山西,,,,,,
2,太原科技大学,335,太原,科技,,,,,
3,中北大学,210,中北,北大,,,,,
4,太原理工大学,100,太原,理工,理工大,理工大学,,,
5,山西农业大学,307,山西,农业,农业大学,,,,
6,山西医科大学,254,山西,医科大,医科大学,,,,
7,长治医学院,567,长治,医学,医学院,,,,
8,山西师范大学,283,山西,师范,师范大学,,,,
9,太原师范学院,523,太原,师范,师范学院,,,,
10,山西大同大学,513,山西,大同,山西大同,,,,
11,晋中学院,604,晋中,,,,,,
12,长治学院,651,长治,,,,,,
13,运城学院,584,运城,,,,,,
14,忻州师范学院,533,忻州,师范,师范学院,,,,
15,山西财经大学,246,山西,财经,,,,,
16,山西中医药大学,492,山西,中医,医药,中医药,中医药大学,,
17,吕梁学院,669,吕梁,,,,,,
18,太原学院,635,太原,,,,,,
19,山西警察学院,暂无,山西,警察,,,,,
20,山西应用科技学院,#N/A,山西,科技,,,,,
21,山西大学商务学院,#N/A,山西,山西大学,商务,,,,
22,太原理工大学现代科技学院,#N/A,太原,理工,理工大,理工大学,科技,现代科技,
23,山西农业大学信息学院,#N/A,山西,农业,农业大学,信息,,,
24,山西师范大学现代文理学院,#N/A,山西,师范,师范大学,文理,理学,理学院,文理学院
25,中北大学信息商务学院,#N/A,中北,北大,中北大学,信息,商务,,
26,太原科技大学华科学院,#N/A,太原,科技,华,科学院,,,
27,山西医科大学晋祠学院,#N/A,山西,医科大,医科大学,晋祠,,,
28,山西财经大学华商学院,#N/A,山西,财经,山西财经大学,华商,,,
29,山西工商学院,#N/A,山西,工商,商学,商学院,工商学院,,
30,太原工业学院,593,太原,工业,,,,,
31,山西传媒学院,暂无,山西,传媒,,,,,
32,山西工程技术学院,716,山西,工程,技术,工程技术,,,
33,山西能源学院,730,山西,能源,,,,,
34,山西省财政税务专科学校,#N/A,山西,山西省,财政,税务,专科,专科学校,
35,长治职业技术学院,#N/A,长治,职业,技术,,,,
36,山西艺术职业学院,#N/A,山西,艺术,职业,,,,
37,晋城职业技术学院,#N/A,晋城,职业,技术,,,,
38,山西建筑职业技术学院,#N/A,山西,建筑,职业,技术,,,
39,山西药科职业学院,#N/A,山西,药科,职业,,,,
40,山西工程职业技术学院,#N/A,山西,工程,职业,技术,,,
41,山西交通职业技术学院,#N/A,山西,交通,职业,技术,,,
42,大同煤炭职业技术学院,#N/A,大同,煤炭,职业,技术,,,
43,山西机电职业技术学院,#N/A,山西,机电,职业,技术,,,
44,山西戏剧职业学院,#N/A,山西,戏剧,职业,,,,
45,山西财贸职业技术学院,#N/A,山西,财贸,职业,技术,,,
46,山西林业职业技术学院,#N/A,山西,林业,职业,技术,,,
47,山西水利职业技术学院,#N/A,山西,水利,职业,技术,,,
48,阳泉职业技术学院,#N/A,阳泉,职业,技术,,,,
49,临汾职业技术学院,#N/A,临汾,职业,技术,,,,
50,山西职业技术学院,#N/A,山西,职业,技术,,,,
51,山西煤炭职业技术学院,#N/A,山西,煤炭,职业,技术,,,
52,山西金融职业学院,#N/A,山西,金融,职业,,,,
53,太原城市职业技术学院,#N/A,太原,城市,职业,技术,,,
54,山西信息职业技术学院,#N/A,山西,信息,职业,技术,,,
55,山西体育职业学院,#N/A,山西,体育,职业,,,,
56,山西警官职业学院,#N/A,山西,警官,职业,,,,
57,山西国际商务职业学院,#N/A,山西,国际,商务,职业,,,
58,潞安职业技术学院,#N/A,潞安,职业,技术,,,,
59,太原旅游职业学院,#N/A,太原,旅游,职业,,,,
60,山西旅游职业学院,#N/A,山西,旅游,山西旅游,职业,,,
61,山西管理职业学院,#N/A,山西,管理,职业,,,,
62,山西电力职业技术学院,#N/A,山西,电力,职业,技术,,,
63,忻州职业技术学院,#N/A,忻州,职业,技术,,,,
64,山西同文职业技术学院,#N/A,山西,同文,职业,技术,,,
65,晋中职业技术学院,#N/A,晋中,职业,技术,,,,
66,山西华澳商贸职业学院,#N/A,山西,华澳,商贸,职业,,,
67,山西运城农业职业技术学院,#N/A,山西,运城,农业,职业,技术,,
68,运城幼儿师范高等专科学校,#N/A,运城,幼儿,师范,专科,专科学校,,
69,山西老区职业技术学院,#N/A,山西,老区,职业,技术,,,
70,山西经贸职业学院,#N/A,山西,经贸,职业,,,,
71,朔州职业技术学院,#N/A,朔州,职业,技术,,,,
72,运城职业技术学院,#N/A,运城,职业,技术,,,,
73,山西轻工职业技术学院,#N/A,山西,轻工,职业,技术,,,
74,晋中师范高等专科学校,#N/A,晋中,师范,专科,专科学校,,,
75,阳泉师范高等专科学校,#N/A,阳泉,师范,专科,专科学校,,,
76,山西青年职业学院,#N/A,山西,青年,职业,,,,
77,运城护理职业学院,#N/A,运城,护理,职业,护理职业,,,
78,运城师范高等专科学校,#N/A,运城,师范,专科,专科学校,,,
79,朔州师范高等专科学校,#N/A,朔州,师范,专科,专科学校,,,
80,吕梁职业技术学院,#N/A,吕梁,职业,技术,,,,
1,内蒙古大学,112,内蒙古,,,,,,
2,内蒙古科技大学,301,内蒙古,科技,,,,,
3,内蒙古工业大学,304,内蒙古,工业,,,,,
4,内蒙古农业大学,239,内蒙古,农业,农业大学,,,,
5,内蒙古医科大学,427,内蒙古,医科大,医科大学,,,,
6,内蒙古师范大学,259,内蒙古,师范,师范大学,,,,
7,内蒙古民族大学,385,内蒙古,民族,,,,,
8,赤峰学院,584,赤峰,,,,,,
9,内蒙古财经大学,416,内蒙古,财经,财经大学,,,,
10,呼伦贝尔学院,625,贝尔,呼伦贝尔,,,,,
11,集宁师范学院,593,集宁,师范,师范学院,,,,
12,河套学院,703,河套,,,,,,
13,呼和浩特民族学院,708,浩特,呼和浩特,民族,,,,
14,内蒙古大学创业学院,#N/A,内蒙古,内蒙古大学,创业,,,,
15,内蒙古师范大学鸿德学院,#N/A,内蒙古,师范,师范大学,鸿德,,,
16,内蒙古艺术学院,暂无,内蒙古,艺术,,,,,
17,鄂尔多斯应用技术学院,727,尔多,多斯,鄂尔多,鄂尔多斯,技术,,
18,内蒙古建筑职业技术学院,#N/A,内蒙古,建筑,职业,技术,,,
19,内蒙古丰州职业学院,#N/A,内蒙古,丰州,职业,,,,
20,包头职业技术学院,#N/A,包头,职业,技术,,,,
21,兴安职业技术学院,#N/A,兴安,职业,技术,,,,
22,呼和浩特职业学院,#N/A,浩特,呼和浩特,职业,,,,
23,包头轻工职业技术学院,#N/A,包头,轻工,职业,技术,,,
24,内蒙古电子信息职业技术学院,#N/A,内蒙古,电子信息,职业,技术,,,
25,内蒙古机电职业技术学院,#N/A,内蒙古,机电,职业,技术,,,
26,内蒙古化工职业学院,#N/A,内蒙古,化工,职业,,,,
27,内蒙古商贸职业学院,#N/A,内蒙古,商贸,职业,,,,
28,锡林郭勒职业学院,#N/A,锡林,林郭勒,锡林郭勒,职业,,,
29,内蒙古警察职业学院,#N/A,内蒙古,警察,职业,,,,
30,内蒙古体育职业学院,#N/A,内蒙古,体育,职业,,,,
31,乌兰察布职业学院,#N/A,乌兰,乌兰察,乌兰察布,职业,,,
32,通辽职业学院,#N/A,通辽,职业,,,,,
33,科尔沁艺术职业学院,#N/A,科尔,科尔沁,艺术,职业,,,
34,内蒙古交通职业技术学院,#N/A,内蒙古,交通,职业,技术,,,
35,包头钢铁职业技术学院,#N/A,包头,钢铁,职业,技术,,,
36,乌海职业技术学院,#N/A,乌海,职业,技术,,,,
37,内蒙古科技职业学院,#N/A,内蒙古,科技,职业,,,,
38,内蒙古北方职业技术学院,#N/A,内蒙古,北方,职业,技术,,,
39,赤峰职业技术学院,#N/A,赤峰,职业,技术,,,,
40,内蒙古经贸外语职业学院,#N/A,内蒙古,经贸,外语,职业,,,
41,包头铁道职业技术学院,#N/A,包头,铁道,职业,技术,,,
42,乌兰察布医学高等专科学校,#N/A,乌兰,乌兰察,乌兰察布,医学,专科,专科学校,
43,鄂尔多斯职业学院,#N/A,尔多,多斯,鄂尔多,鄂尔多斯,职业,,
44,内蒙古工业职业学院,#N/A,内蒙古,工业,职业,,,,
45,呼伦贝尔职业技术学院,#N/A,贝尔,呼伦贝尔,职业,技术,,,
46,满洲里俄语职业学院,#N/A,满洲,满洲里,俄语,职业,,,
47,内蒙古能源职业学院,#N/A,内蒙古,能源,职业,,,,
48,赤峰工业职业技术学院,#N/A,赤峰,工业,职业,技术,,,
49,阿拉善职业技术学院,#N/A,阿拉,阿拉善,职业,技术,,,
50,内蒙古美术职业学院,#N/A,内蒙古,美术,职业,,,,
51,"内蒙古民族幼儿师范
高等专科学校",#N/A,内蒙古,民族,幼儿,师范,,,
52,鄂尔多斯生态环境职业学院,#N/A,尔多,多斯,鄂尔多斯,生态环境,职业,,
53,扎兰屯职业学院,#N/A,扎兰屯,职业,,,,,
1,辽宁大学,106,辽宁,,,,,,
2,大连理工大学,31,大连,连理,理工,理工大,,,
3,沈阳工业大学,222,沈阳,工业,,,,,
4,沈阳航空航天大学,283,沈阳,航空,,航天,航空航天,,
5,沈阳理工大学,362,沈阳,理工,理工大,理工大学,,,
6,东北大学,26,东北,北大,,,,,
7,辽宁科技大学,300,辽宁,科技,,,,,
8,辽宁工程技术大学,198,辽宁,工程,技术,工程技术,,,
9,辽宁石油化工大学,339,辽宁,石油,化工,石油化工,,,
10,沈阳化工大学,335,沈阳,化工,化工大学,,,,
11,大连交通大学,301,大连,交通,,,,,
12,大连海事大学,135,大连,海事,,,,,
13,大连工业大学,244,大连,工业,,,,,
14,沈阳建筑大学,252,沈阳,建筑,,,,,
15,辽宁工业大学,372,辽宁,工业,,,,,
16,沈阳农业大学,197,沈阳,农业,农业大学,,,,
17,大连海洋大学,335,大连,海洋,海洋大学,,,,
18,中国医科大学,153,中国,国医,医科大,,,,
19,锦州医科大学,401,锦州,医科大,医科大学,,,,
20,大连医科大学,227,大连,医科大,医科大学,,,,
21,辽宁中医药大学,310,辽宁,中医,医药,中医药,中医药大学,,
22,沈阳药科大学,273,沈阳,药科,,,,,
23,沈阳医学院,498,沈阳,医学,医学院,,,,
24,辽宁师范大学,206,辽宁,师范,师范大学,,,,
25,沈阳师范大学,267,沈阳,师范,师范大学,,,,
26,渤海大学,313,渤海,,,,,,
27,鞍山师范学院,567,鞍山,师范,师范学院,,,,
28,大连外国语大学,暂无,大连,外国语,,,,,
29,东北财经大学,115,东北,财经,,,,,
30,中国刑事警察学院,暂无,中国,刑事,警察,刑事警察,,,
31,沈阳体育学院,暂无,沈阳,体育,,,,,
32,沈阳音乐学院,暂无,沈阳,音乐,音乐学,音乐学院,,,
33,鲁迅美术学院,暂无,鲁迅,美术,术学,美术学,,,
34,辽宁对外经贸学院,#N/A,辽宁,对外,外经,经贸,外经贸,对外经贸,
35,沈阳大学,419,沈阳,,,,,,
36,大连大学,178,大连,,,,,,
37,辽宁科技学院,584,辽宁,科技,,,,,
38,辽宁警察学院,暂无,辽宁,警察,,,,,
39,沈阳工程学院,480,沈阳,工程,工程学院,,,,
40,辽东学院,625,辽东,,,,,,
41,大连民族大学,385,大连,民族,,,,,
42,大连理工大学城市学院,#N/A,大连,连理,理工,理工大,大连理工大学,城市,
43,沈阳工业大学工程学院,#N/A,沈阳,工业,工程,工程学院,,,
44,"沈阳航空航天大学北方科技
学院",#N/A,沈阳,航空,,航天,航空航天,北方,科技
45,沈阳工学院,#N/A,沈阳,工学院,,,,,
46,"大连工业大学艺术与信息工程
学院",#N/A,大连,工业,艺术,信息,工程,信息工程,
47,大连科技学院,#N/A,大连,科技,,,,,
48,沈阳城市建设学院,#N/A,沈阳,城市,建设,,,,
49,中国医科大学临床医药学院,#N/A,中国,国医,医科大,中国医科大学,临床,医药,
50,大连医科大学中山学院,#N/A,大连,医科大,医科大学,中山,,,
51,锦州医科大学医疗学院,#N/A,锦州,医科大,医科大学,医疗,,,
52,辽宁师范大学海华学院,#N/A,辽宁,师范,师范大学,海华,,,
53,辽宁理工学院,#N/A,辽宁,理工,工学院,理工学院,,,
54,大连财经学院,#N/A,大连,财经,经学,财经学院,,,
55,沈阳城市学院,#N/A,沈阳,城市,,,,,
56,"辽宁石油化工大学顺华能源
学院",#N/A,辽宁,石油,化工,石油化工,顺华,能源,
57,大连艺术学院,#N/A,大连,艺术,,,,,
58,辽宁中医药大学杏林学院,#N/A,辽宁,中医,医药,中医药,中医药大学,杏林,
59,辽宁何氏医学院,#N/A,辽宁,何氏,医学,医学院,,,
60,沈阳科技学院,#N/A,沈阳,科技,,,,,
61,大连东软信息学院,#N/A,大连,东软,信息,,,,
62,辽宁财贸学院,#N/A,辽宁,财贸,,,,,
63,辽宁传媒学院,#N/A,辽宁,传媒,,,,,
64,营口理工学院,675,营口,理工,工学院,理工学院,,,
65,朝阳师范高等专科学校,#N/A,朝阳,师范,专科,专科学校,,,
66,抚顺师范高等专科学校,#N/A,抚顺,师范,专科,专科学校,,,
67,锦州师范高等专科学校,#N/A,锦州,师范,专科,专科学校,,,
68,营口职业技术学院,#N/A,营口,职业,技术,,,,
69,铁岭师范高等专科学校,#N/A,铁岭,师范,专科,专科学校,,,
70,大连职业技术学院,#N/A,大连,职业,技术,,,,
71,辽宁农业职业技术学院,#N/A,辽宁,农业,职业,技术,,,
72,抚顺职业技术学院,#N/A,抚顺,职业,技术,,,,
73,辽阳职业技术学院,#N/A,辽阳,职业,技术,,,,
74,阜新高等专科学校,#N/A,阜新,专科,专科学校,,,,
75,辽宁省交通高等专科学校,#N/A,辽宁,辽宁省,交通,专科,专科学校,,
76,辽宁税务高等专科学校,#N/A,辽宁,税务,专科,专科学校,,,
77,盘锦职业技术学院,#N/A,盘锦,职业,技术,,,,
78,沈阳航空职业技术学院,#N/A,沈阳,航空,职业,技术,,,
79,辽宁体育运动职业技术学院,#N/A,辽宁,体育,运动,体育运动,职业,技术,
80,辽宁职业学院,#N/A,辽宁,职业,,,,,
81,辽宁林业职业技术学院,#N/A,辽宁,林业,职业,技术,,,
82,沈阳职业技术学院,#N/A,沈阳,职业,技术,,,,
83,辽宁理工职业学院,#N/A,辽宁,理工,职业,,,,
84,大连商务职业学院,#N/A,大连,商务,职业,,,,
85,辽宁金融职业学院,#N/A,辽宁,金融,职业,,,,
86,辽宁轨道交通职业学院,#N/A,辽宁,轨道,交通,轨道交通,职业,,
87,辽宁广告职业学院,#N/A,辽宁,广告,职业,,,,
88,辽宁机电职业技术学院,#N/A,辽宁,机电,职业,技术,,,
89,辽宁经济职业技术学院,#N/A,辽宁,经济,职业,技术,,,
90,辽宁石化职业技术学院,#N/A,辽宁,石化,职业,技术,,,
91,渤海船舶职业学院,#N/A,渤海,船舶,职业,,,,
92,大连软件职业学院,#N/A,大连,软件,职业,,,,
93,大连翻译职业学院,#N/A,大连,翻译,职业,,,,
94,辽宁商贸职业学院,#N/A,辽宁,商贸,职业,,,,
95,大连枫叶职业技术学院,#N/A,大连,枫叶,职业,技术,,,
96,辽宁装备制造职业技术学院,#N/A,辽宁,装备,制造,职业,技术,,
97,辽河石油职业技术学院,#N/A,辽河,石油,职业,技术,,,
98,辽宁地质工程职业学院,#N/A,辽宁,地质,工程,职业,,,
99,辽宁铁道职业技术学院,#N/A,辽宁,铁道,职业,技术,,,
100,辽宁建筑职业学院,#N/A,辽宁,建筑,职业,,,,
101,大连航运职业技术学院,#N/A,大连,航运,职业,技术,,,
102,大连装备制造职业技术学院,#N/A,大连,装备,制造,职业,技术,,
103,大连汽车职业技术学院,#N/A,大连,汽车,职业,技术,,,
104,辽宁现代服务职业技术学院,#N/A,辽宁,服务,职业,技术,,,
105,辽宁冶金职业技术学院,#N/A,辽宁,冶金,职业,技术,,,
106,辽宁工程职业学院,#N/A,辽宁,工程,职业,,,,
107,辽宁城市建设职业技术学院,#N/A,辽宁,城市,建设,职业,技术,,
108,辽宁医药职业学院,#N/A,辽宁,医药,职业,,,,
109,铁岭卫生职业学院,#N/A,铁岭,卫生,职业,,,,
110,沈阳北软信息职业技术学院,#N/A,沈阳,北软,信息,职业,技术,,
111,辽宁政法职业学院,#N/A,辽宁,政法,职业,,,,
112,辽宁民族师范高等专科学校,#N/A,辽宁,民族,师范,专科,专科学校,,
113,辽宁轻工职业学院,#N/A,辽宁,轻工,职业,,,,
114,辽宁水利职业学院,#N/A,辽宁,水利,职业,,,,
115,"辽宁特殊教育师范高等专科
学校",#N/A,辽宁,教育,特殊教育,师范,专科,高等专科,
1,吉林大学,11,吉林,,,,,,
2,延边大学,173,延边,,,,,,
3,长春理工大学,161,长春,理工,理工大,理工大学,,,
4,东北电力大学,186,东北,电力,电力大学,,,,
5,长春工业大学,283,长春,工业,,,,,
6,吉林建筑大学,459,吉林,建筑,,,,,
7,吉林化工学院,447,吉林,化工,工学院,化工学院,,,
8,吉林农业大学,244,吉林,农业,农业大学,,,,
9,长春中医药大学,354,长春,中医,医药,中医药,中医药大学,,
10,东北师范大学,52,东北,北师,师范,,,,
11,北华大学,277,北华,,,,,,
12,通化师范学院,593,通化,师范,师范学院,,,,
13,吉林师范大学,331,吉林,师范,师范大学,,,,
14,吉林工程技术师范学院,557,吉林,工程,技术,工程技术,师范,师范学院,
15,长春师范大学,416,长春,师范,师范大学,,,,
16,白城师范学院,567,白城,师范,师范学院,,,,
17,吉林财经大学,367,吉林,财经,财经大学,,,,
18,吉林体育学院,暂无,吉林,体育,,,,,
19,吉林艺术学院,暂无,吉林,艺术,,,,,
20,吉林华桥外国语学院,#N/A,吉林,华桥,外国语,,,,
21,吉林工商学院,604,吉林,工商,商学,商学院,工商学院,,
22,长春工程学院,513,长春,工程,工程学院,,,,
23,吉林农业科技学院,625,吉林,农业,科技,,,,
24,吉林警察学院,暂无,吉林,警察,,,,,
25,长春大学,396,长春,,,,,,
26,长春光华学院,#N/A,长春,光华,,,,,
27,长春工业大学人文信息学院,#N/A,长春,工业,学人,人文,大学人文,信息,
28,长春理工大学光电信息学院,#N/A,长春,理工,理工大,理工大学,光电,信息,
29,长春财经学院,#N/A,长春,财经,经学,财经学院,,,
30,吉林建筑大学城建学院,#N/A,吉林,建筑,城建,,,,
31,长春建筑学院,#N/A,长春,建筑,,,,,
32,长春科技学院,#N/A,长春,科技,,,,,
33,吉林动画学院,#N/A,吉林,动画,,,,,
34,吉林师范大学博达学院,#N/A,吉林,师范,师范大学,博达,,,
35,长春大学旅游学院,#N/A,长春,旅游,,,,,
36,东北师范大学人文学院,#N/A,东北,北师,师范,东北师范大学,人文学院,,
37,吉林医药学院,613,吉林,医药,,,,,
38,长春师范高等专科学校,#N/A,长春,师范,专科,专科学校,,,
39,辽源职业技术学院,#N/A,辽源,职业,技术,,,,
40,四平职业大学,#N/A,四平,职业,,,,,
41,长春汽车工业高等专科学校,#N/A,长春,汽车,工业,专科,专科学校,,
42,长春金融高等专科学校,#N/A,长春,金融,专科,专科学校,,,
43,长春医学高等专科学校,#N/A,长春,医学,专科,专科学校,,,
44,吉林交通职业技术学院,#N/A,吉林,交通,职业,技术,,,
45,长春东方职业学院,#N/A,长春,东方,职业,,,,
46,吉林司法警官职业学院,#N/A,吉林,司法,警官,职业,,,
47,吉林电子信息职业技术学院,#N/A,吉林,电子,信息,电子信息,职业,技术,
48,吉林工业职业技术学院,#N/A,吉林,工业,职业,技术,,,
49,吉林工程职业学院,#N/A,吉林,工程,职业,,,,
50,长春职业技术学院,#N/A,长春,职业,技术,,,,
51,白城医学高等专科学校,#N/A,白城,医学,专科,专科学校,,,
52,长春信息技术职业学院,#N/A,长春,信息,技术,信息技术,职业,,
53,松原职业技术学院,#N/A,松原,职业,技术,,,,
54,吉林铁道职业技术学院,#N/A,吉林,铁道,职业,技术,,,
55,白城职业技术学院,#N/A,白城,职业,技术,,,,
56,长白山职业技术学院,#N/A,长白,白山,长白山,职业,技术,,
57,吉林科技职业技术学院,#N/A,吉林,科技,职业,技术,,,
58,延边职业技术学院,#N/A,延边,职业,技术,,,,
59,吉林城市职业技术学院,#N/A,吉林,城市,职业,技术,,,
60,吉林职业技术学院,#N/A,吉林,职业,技术,,,,
61,吉林水利电力职业学院,#N/A,吉林,水利,电力,水利电力,职业,,
62,长春健康职业学院,#N/A,长春,健康,职业,,,,
1,黑龙江大学,107,龙江,黑龙江,,,,,
2,哈尔滨工业大学,19,哈尔,工业,哈尔滨,,,,
3,哈尔滨理工大学,180,哈尔,理工,哈尔滨,理工大,,,
4,哈尔滨工程大学,63,哈尔,工程,哈尔滨,,,,
5,黑龙江科技大学,378,龙江,黑龙江,科技,,,,
6,东北石油大学,222,东北,石油,石油大学,,,,
7,佳木斯大学,367,佳木斯,,,,,,
8,黑龙江八一农垦大学,411,龙江,黑龙江,八一,农垦,,,
9,东北农业大学,122,东北,农业,,,,,
10,东北林业大学,114,东北,林业,林业大学,,,,
11,哈尔滨医科大学,131,哈尔,哈尔滨,医科大,医科大学,,,
12,黑龙江中医药大学,228,龙江,黑龙江,中医,医药,中医药,中医药大学,
13,牡丹江医学院,604,牡丹,丹江,牡丹江,医学,医学院,,
14,哈尔滨师范大学,170,哈尔,哈尔滨,师范,师范大学,,,
15,齐齐哈尔大学,356,齐齐,哈尔,齐齐哈尔,,,,
16,牡丹江师范学院,480,牡丹,丹江,牡丹江,师范,师范学院,,
17,哈尔滨学院,658,哈尔,哈尔滨,,,,,
18,大庆师范学院,613,大庆,师范,师范学院,,,,
19,绥化学院,533,绥化,,,,,,
20,哈尔滨商业大学,256,哈尔,哈尔滨,商业,,,,
21,哈尔滨体育学院,暂无,哈尔,哈尔滨,体育,,,,
22,哈尔滨金融学院,646,哈尔,哈尔滨,金融,,,,
23,齐齐哈尔医学院,533,齐齐,哈尔,齐齐哈尔,医学,医学院,,
24,黑龙江工业学院,675,龙江,黑龙江,工业,,,,
25,黑龙江东方学院,#N/A,龙江,黑龙江,东方,,,,
26,哈尔滨信息工程学院,#N/A,哈尔,哈尔滨,信息,工程,工程学院,,
27,黑龙江工程学院,465,龙江,黑龙江,工程,工程学院,,,
28,齐齐哈尔工程学院,#N/A,齐齐,哈尔,齐齐哈尔,工程,工程学院,,
29,黑龙江外国语学院,#N/A,龙江,黑龙江,外国语,,,,
30,黑龙江财经学院,#N/A,龙江,黑龙江,财经,经学,财经学院,,
31,哈尔滨石油学院,#N/A,哈尔,哈尔滨,石油,石油学院,,,
32,黑龙江工商学院,#N/A,龙江,黑龙江,工商,商学,商学院,工商学院,
33,哈尔滨远东理工学院,#N/A,哈尔,哈尔滨,远东,理工,工学院,理工学院,
34,哈尔滨剑桥学院,#N/A,哈尔,哈尔滨,剑桥,,,,
35,黑龙江工程学院昆仑旅游学院,#N/A,龙江,黑龙江,工程,工程学院,昆仑,旅游,
36,哈尔滨广厦学院,#N/A,哈尔,哈尔滨,广厦,,,,
37,哈尔滨华德学院,#N/A,哈尔,哈尔滨,华德,,,,
38,黑河学院,548,黑河,,,,,,
39,哈尔滨音乐学院,暂无,哈尔,哈尔滨,音乐,音乐学,音乐学院,,
40,齐齐哈尔高等师范专科学校,#N/A,齐齐哈尔,师范,高等师范,专科学校,,,
41,伊春职业学院,#N/A,伊春,职业,,,,,
42,牡丹江大学,#N/A,牡丹,丹江,牡丹江,,,,
43,黑龙江职业学院,#N/A,龙江,黑龙江,职业,,,,
44,黑龙江建筑职业技术学院,#N/A,龙江,黑龙江,建筑,职业,技术,,
45,黑龙江艺术职业学院,#N/A,龙江,黑龙江,艺术,职业,,,
46,大庆职业学院,#N/A,大庆,职业,,,,,
47,黑龙江林业职业技术学院,#N/A,龙江,黑龙江,林业,职业,技术,,
48,黑龙江农业职业技术学院,#N/A,龙江,黑龙江,农业,职业,技术,,
49,黑龙江农业工程职业学院,#N/A,龙江,黑龙江,农业,工程,职业,,
50,黑龙江农垦职业学院,#N/A,龙江,黑龙江,农垦,职业,,,
51,黑龙江司法警官职业学院,#N/A,龙江,黑龙江,司法,警官,职业,,
52,鹤岗师范高等专科学校,#N/A,鹤岗,师范,专科,专科学校,,,
53,哈尔滨电力职业技术学院,#N/A,哈尔,哈尔滨,电力,职业,技术,,
54,哈尔滨铁道职业技术学院,#N/A,哈尔,哈尔滨,铁道,职业,技术,,
55,大兴安岭职业学院,#N/A,大兴,兴安,兴安岭,大兴安岭,职业,,
56,黑龙江农业经济职业学院,#N/A,龙江,黑龙江,农业,经济,职业,,
57,哈尔滨职业技术学院,#N/A,哈尔,哈尔滨,职业,技术,,,
58,哈尔滨传媒职业学院,#N/A,哈尔,哈尔滨,传媒,职业,,,
59,黑龙江生物科技职业学院,#N/A,龙江,黑龙江,生物,科技,生物科技,职业,
60,黑龙江商业职业学院,#N/A,龙江,黑龙江,商业,职业,商业职业,,
61,黑龙江公安警官职业学院,#N/A,龙江,黑龙江,公安,警官,职业,,
62,黑龙江信息技术职业学院,#N/A,龙江,黑龙江,信息,技术,信息技术,职业,
63,哈尔滨城市职业学院,#N/A,哈尔,哈尔滨,城市,职业,,,
64,黑龙江农垦科技职业学院,#N/A,龙江,黑龙江,农垦,科技,职业,,
65,黑龙江旅游职业技术学院,#N/A,龙江,黑龙江,旅游,职业,技术,,
66,黑龙江三江美术职业学院,#N/A,龙江,黑龙江,三江,美术,职业,,
67,黑龙江生态工程职业学院,#N/A,龙江,黑龙江,生态,工程,职业,,
68,黑龙江能源职业学院,#N/A,龙江,黑龙江,能源,职业,,,
69,七台河职业学院,#N/A,七台,七台河,职业,,,,
70,黑龙江民族职业学院,#N/A,龙江,黑龙江,民族,职业,,,
71,大庆医学高等专科学校,#N/A,大庆,医学,专科,专科学校,,,
72,黑龙江交通职业技术学院,#N/A,龙江,黑龙江,交通,职业,技术,,
73,哈尔滨应用职业技术学院,#N/A,哈尔,哈尔滨,职业,技术,,,
74,黑龙江幼儿师范高等专科学校,#N/A,龙江,黑龙江,幼儿,师范,专科,专科学校,
75,哈尔滨科学技术职业学院,#N/A,哈尔,哈尔滨,技术,科学技术,职业,,
76,黑龙江粮食职业学院,#N/A,龙江,黑龙江,粮食,职业,,,
77,佳木斯职业学院,#N/A,佳木斯,职业,,,,,
78,黑龙江护理高等专科学校,#N/A,龙江,黑龙江,护理,专科,专科学校,,
79,齐齐哈尔理工职业学院,#N/A,齐齐,哈尔,齐齐哈尔,理工,职业,,
80,哈尔滨幼儿师范高等专科学校,#N/A,哈尔,哈尔滨,幼儿,师范,专科,专科学校,
81,黑龙江冰雪体育职业学院,#N/A,龙江,黑龙江,冰雪,体育,职业,,
1,复旦大学,4,复旦,,,,,,
2,同济大学,23,同济,,,,,,
3,上海交通大学,7,上海,交通,,,,,
4,华东理工大学,48,华东,理工,理工大,,,,
5,上海理工大学,89,上海,理工,理工大,,,,
6,上海海事大学,190,上海,海事,,,,,
7,东华大学,68,东华,华大,,,,,
8,上海电力学院,356,上海,电力,,,,,
9,上海应用技术大学,396,上海,技术,,,,,
10,上海健康医学院,705,上海,健康,医学,医学院,,,
11,上海海洋大学,228,上海,海洋,海洋大学,,,,
12,上海中医药大学,157,上海,中医,医药,中医药,中医药大学,,
13,华东师范大学,28,华东,师范,,,,,
14,上海师范大学,111,上海,师范,,,,,
15,上海外国语大学,暂无,上海,外国语,,,,,
16,上海财经大学,72,上海,财经,,,,,
17,上海对外经贸大学,263,上海,对外,外经,经贸,外经贸,对外经贸大学,
18,上海海关学院,548,上海,海海,海关,上海海关,,,
19,华东政法大学,201,华东,政法,华东政法,,,,
20,上海体育学院,暂无,上海,体育,,,,,
21,上海音乐学院,暂无,上海,音乐,音乐学,,,,
22,上海戏剧学院,暂无,上海,戏剧,,,,,
23,上海大学,59,上海,海大,,,,,
24,上海公安学院,暂无,上海,公安,,,,,
25,上海工程技术大学,225,上海,工程,技术,工程技术,,,
26,上海立信会计金融学院,378,上海,立信,会计,金融,,,
27,上海电机学院,452,上海,电机,,,,,
28,上海杉达学院,#N/A,上海,杉达,,,,,
29,上海政法学院,404,上海,政法,法学,法学院,政法学院,,
30,上海第二工业大学,447,上海,工业,,,,,
31,上海商学院,465,上海,商学,商学院,,,,
32,上海建桥学院,#N/A,上海,建桥,,,,,
33,上海兴伟学院,#N/A,上海,兴伟,,,,,
34,上海视觉艺术学院,#N/A,上海,视觉,艺术,视觉艺术,,,
35,"上海外国语大学贤达经济人文
学院",#N/A,上海,外国语,贤达,经济,人文,,
36,上海师范大学天华学院,#N/A,上海,师范,上海师范大学,天华,,,
37,上海科技大学,暂无,上海,科技,,,,,
38,上海纽约大学,#N/A,上海,纽约,纽约大学,,,,
39,上海旅游高等专科学校,#N/A,上海,旅游,专科,专科学校,,,
40,上海东海职业技术学院,#N/A,上海,东海,职业,技术,,,
41,上海工商职业技术学院,#N/A,上海,工商,商职,职业,工商职业,技术,
42,上海出版印刷高等专科学校,#N/A,上海,出版,印刷,专科,专科学校,,
43,上海行健职业学院,#N/A,上海,行健,职业,,,,
44,上海城建职业学院,#N/A,上海,城建,职业,,,,
45,上海交通职业技术学院,#N/A,上海,交通,职业,技术,,,
46,上海海事职业技术学院,#N/A,上海,海事,职业,海事职业,技术,,
47,上海电子信息职业技术学院,#N/A,上海,电子,信息,电子信息,职业,技术,
48,上海震旦职业学院,#N/A,上海,震旦,职业,,,,
49,上海民远职业技术学院,#N/A,上海,民远,职业,技术,,,
50,上海欧华职业技术学院,#N/A,上海,欧华,职业,技术,,,
51,上海思博职业技术学院,#N/A,上海,思博,职业,技术,,,
52,上海立达职业技术学院,#N/A,上海,立,达,职业,技术,,
53,上海工艺美术职业学院,#N/A,上海,工艺,美术,工艺美术,职业,,
54,上海济光职业技术学院,#N/A,上海,济光,职业,技术,,,
55,上海工商外国语职业学院,#N/A,上海,工商,外国语,职业,,,
56,上海科学技术职业学院,#N/A,上海,技术,科学技术,职业,,,
57,上海农林职业技术学院,#N/A,上海,农林,职业,技术,,,
58,上海邦德职业技术学院,#N/A,上海,邦德,职业,技术,,,
59,上海中侨职业技术学院,#N/A,上海,中侨,职业,技术,,,
60,上海电影艺术职业学院,#N/A,上海,电影,艺术,职业,,,
61,上海中华职业技术学院,#N/A,上海,中华,职业,技术,,,
62,上海工会管理职业学院,#N/A,上海,工会,管理,职业,,,
63,上海体育职业学院,#N/A,上海,体育,职业,,,,
64,上海民航职业技术学院,#N/A,上海,民航,职业,技术,,,
1,南京大学,8,南京,,,,,,
2,苏州大学,49,苏州,,,,,,
3,东南大学,24,东南,南大,,,,,
4,南京航空航天大学,57,南京,航空,,航天,天大,,
5,南京理工大学,50,南京,理工,理工大,理工大学,,,
6,江苏科技大学,309,江苏,科技,,,,,
7,中国矿业大学,74,中国,矿业,,,,,
8,南京工业大学,103,南京,工业,,,,,
9,常州大学,294,常州,,,,,,
10,南京邮电大学,123,南京,邮电,电大,邮电大学,,,
11,河海大学,39,河海,海大,,,,,
12,江南大学,76,江南,,,,,,
13,南京林业大学,161,南京,林业,林业大学,,,,
14,江苏大学,88,江苏,,,,,,
15,南京信息工程大学,160,南京,信息,工程,信息工程,,,
16,南通大学,234,南通,,,,,,
17,盐城工学院,465,盐城,工学院,,,,,
18,南京农业大学,47,南京,农业,,,,,
19,南京医科大学,138,南京,医科大,,,,,
20,徐州医科大学,382,徐州,医科大,医科大学,,,,
21,南京中医药大学,186,南京,中医,医药,中医药,,,
22,中国药科大学,142,中国,药科,,,,,
23,南京师范大学,53,南京,京师,师范,,,,
24,江苏师范大学,193,江苏,师范,师范大学,,,,
25,淮阴师范学院,437,淮阴,师范,师范学院,,,,
26,盐城师范学院,440,盐城,师范,师范学院,,,,
27,南京财经大学,280,南京,财经,财经大学,,,,
28,江苏警官学院,暂无,江苏,警官,,,,,
29,南京体育学院,暂无,南京,体育,,,,,
30,南京艺术学院,暂无,南京,艺术,术学,,,,
31,苏州科技大学,388,苏州,科技,,,,,
32,常熟理工学院,533,常熟,理工,工学院,理工学院,,,
33,淮阴工学院,473,淮阴,工学院,,,,,
34,常州工学院,492,常州,工学院,,,,,
35,扬州大学,94,扬州,,,,,,
36,三江学院,#N/A,三江,,,,,,
37,南京工程学院,381,南京,工程,工程学院,,,,
38,南京审计大学,343,南京,审计,,,,,
39,南京晓庄学院,483,南京,晓庄,,,,,
40,江苏理工学院,435,江苏,理工,工学院,理工学院,,,
41,淮海工学院,480,淮海,工学院,,,,,
42,徐州工程学院,508,徐州,工程,工程学院,,,,
43,南京特殊教育师范学院,707,南京,教育,特殊教育,师范,师范学院,,
44,南通理工学院,#N/A,南通,理工,工学院,理工学院,,,
45,南京森林警察学院,暂无,南京,森林,警察,,,,
46,东南大学成贤学院,#N/A,东南,南大,东南大学,成贤,,,
47,泰州学院,680,泰州,,,,,,
48,无锡太湖学院,#N/A,无锡,太湖,,,,,
49,金陵科技学院,508,金陵,科技,,,,,
50,中国矿业大学徐海学院,#N/A,中国,矿业,中国矿业大学,徐海,,,
51,南京大学金陵学院,#N/A,南京,南京大学,金陵,,,,
52,南京理工大学紫金学院,#N/A,南京,理工,理工大,理工大学,紫金,,
53,南京航空航天大学金城学院,#N/A,南京,航空,,航天,天大,南京航空航天大学,金城
54,中国传媒大学南广学院,#N/A,中国,传媒,传媒大学,南广,,,
55,南京理工大学泰州科技学院,#N/A,南京,理工,理工大,理工大学,泰州,科技,
56,南京师范大学泰州学院,#N/A,南京,京师,师范,南京师范大学,泰州,,
57,南京工业大学浦江学院,#N/A,南京,工业,浦江,,,,
58,南京师范大学中北学院,#N/A,南京,京师,师范,南京师范大学,中,北,
59,南京医科大学康达学院,#N/A,南京,医科大,南京医科大学,康达,,,
60,南京中医药大学翰林学院,#N/A,南京,中医,医药,中医药,南京中医药大学,翰林,
61,南京信息工程大学滨江学院,#N/A,南京,信息,工程,信息工程,滨江,,
62,苏州大学文正学院,#N/A,苏州,苏州大学,文正,,,,
63,苏州大学应用技术学院,#N/A,苏州,苏州大学,技术,,,,
64,苏州科技大学天平学院,#N/A,苏州,科技,天平,,,,
65,江苏大学京江学院,#N/A,江苏,京江,,,,,
66,扬州大学广陵学院,#N/A,扬州,广陵,,,,,
67,江苏师范大学科文学院,#N/A,江苏,师范,师范大学,科,文学,文学院,
68,南京邮电大学通达学院,#N/A,南京,邮电,电大,邮电大学,通达,,
69,南京财经大学红山学院,#N/A,南京,财经,财经大学,红山,,,
70,江苏科技大学苏州理工学院,#N/A,江苏,科技,苏州,理工,工学院,理工学院,
71,常州大学怀德学院,#N/A,常州,怀德,,,,,
72,南通大学杏林学院,#N/A,南通,杏林,,,,,
73,南京审计大学金审学院,#N/A,南京,审计,金审,,,,
74,宿迁学院,#N/A,宿迁,,,,,,
75,江苏第二师范学院,635,江苏,师范,师范学院,,,,
76,西交利物浦大学,#N/A,西交,利物,利物浦,,,,
77,昆山杜克大学,#N/A,昆山,杜克大学,,,,,
78,盐城幼儿师范高等专科学校,#N/A,盐城,幼儿,师范,专科,专科学校,,
79,苏州幼儿师范高等专科学校,#N/A,苏州,幼儿,师范,专科,专科学校,,
80,明达职业技术学院,#N/A,明达,职业,技术,,,,
81,无锡职业技术学院,#N/A,无锡,职业,技术,,,,
82,江苏建筑职业技术学院,#N/A,江苏,建筑,职业,技术,,,
83,南京工业职业技术学院,#N/A,南京,工业,职业,技术,,,
84,江苏工程职业技术学院,#N/A,江苏,工程,职业,技术,,,
85,苏州工艺美术职业技术学院,#N/A,苏州,工艺,美术,工艺美术,职业,技术,
86,连云港职业技术学院,#N/A,连云,连云港,职业,技术,,,
87,镇江市高等专科学校,#N/A,镇江,镇江市,专科,专科学校,,,
88,南通职业大学,#N/A,南通,职业,,,,,
89,苏州职业大学,#N/A,苏州,职业,,,,,
90,沙洲职业工学院,#N/A,沙洲,职业,工学院,,,,
91,扬州市职业大学,#N/A,扬州,州市,扬州市,职业,,,
92,连云港师范高等专科学校,#N/A,连云,连云港,师范,专科,专科学校,,
93,江苏经贸职业技术学院,#N/A,江苏,经贸,职业,技术,,,
94,九州职业技术学院,#N/A,九州,职业,技术,,,,
95,硅湖职业技术学院,#N/A,硅湖,职业,技术,,,,
96,泰州职业技术学院,#N/A,泰州,职业,技术,,,,
97,常州信息职业技术学院,#N/A,常州,信息,职业,技术,,,
98,江苏联合职业技术学院,#N/A,江苏,联合,职业,技术,,,
99,江苏海事职业技术学院,#N/A,江苏,海事,职业,海事职业,技术,,
100,应天职业技术学院,#N/A,应天,职业,技术,,,,
101,无锡科技职业学院,#N/A,无锡,科技,职业,,,,
102,江苏医药职业学院,#N/A,江苏,医药,职业,,,,
103,扬州环境资源职业技术学院,#N/A,扬州,环境,资源,职业,技术,,
104,南通科技职业学院,#N/A,南通,科技,职业,,,,
105,苏州经贸职业技术学院,#N/A,苏州,经贸,职业,技术,,,
106,苏州工业职业技术学院,#N/A,苏州,工业,职业,技术,,,
107,苏州托普信息职业技术学院,#N/A,苏州,托普,信息,职业,技术,,
108,苏州卫生职业技术学院,#N/A,苏州,卫生,职业,技术,,,
109,无锡商业职业技术学院,#N/A,无锡,商业,职业,商业职业,技术,,
110,南通航运职业技术学院,#N/A,南通,航运,职业,技术,,,
111,南京交通职业技术学院,#N/A,南京,交通,职业,技术,,,
112,淮安信息职业技术学院,#N/A,淮安,信息,职业,技术,,,
113,江苏农牧科技职业学院,#N/A,江苏,农牧,科技,职业,,,
114,常州纺织服装职业技术学院,#N/A,常州,纺织,服装,职业,技术,,
115,苏州农业职业技术学院,#N/A,苏州,农业,职业,技术,,,
116,苏州工业园区职业技术学院,#N/A,苏州,工业,园区,工业园,苏州工业园区,职业,技术
117,太湖创意职业技术学院,#N/A,太湖,创意,职业,技术,,,
118,炎黄职业技术学院,#N/A,炎黄,职业,技术,,,,
119,南京科技职业学院,#N/A,南京,科技,职业,,,,
120,正德职业技术学院,#N/A,正德,职业,技术,,,,
121,钟山职业技术学院,#N/A,钟山,职业,技术,,,,
122,无锡南洋职业技术学院,#N/A,无锡,南洋,职业,技术,,,
123,江南影视艺术职业学院,#N/A,江南,影视,艺术,职业,,,
124,金肯职业技术学院,#N/A,金肯,职业,技术,,,,
125,常州轻工职业技术学院,#N/A,常州,轻工,职业,技术,,,
126,常州工程职业技术学院,#N/A,常州,工程,职业,技术,,,
127,江苏农林职业技术学院,#N/A,江苏,农林,职业,技术,,,
128,江苏食品药品职业技术学院,#N/A,江苏,食品,药品,食品药品,职业,技术,
129,建东职业技术学院,#N/A,建东,职业,技术,,,,
130,南京铁道职业技术学院,#N/A,南京,铁道,职业,技术,,,
131,徐州工业职业技术学院,#N/A,徐州,工业,职业,技术,,,
132,江苏信息职业技术学院,#N/A,江苏,信息,职业,技术,,,
133,宿迁职业技术学院,#N/A,宿迁,职业,技术,,,,
134,南京信息职业技术学院,#N/A,南京,信息,职业,技术,,,
135,江海职业技术学院,#N/A,江海,职业,技术,,,,
136,常州机电职业技术学院,#N/A,常州,机电,职业,技术,,,
137,江阴职业技术学院,#N/A,江阴,职业,技术,,,,
138,无锡城市职业技术学院,#N/A,无锡,城市,职业,技术,,,
139,无锡工艺职业技术学院,#N/A,无锡,工艺,职业,技术,,,
140,金山职业技术学院,#N/A,金山,职业,技术,,,,
141,苏州健雄职业技术学院,#N/A,苏州,健雄,职业,技术,,,
142,盐城工业职业技术学院,#N/A,盐城,工业,职业,技术,,,
143,江苏财经职业技术学院,#N/A,江苏,财经,职业,技术,,,
144,扬州工业职业技术学院,#N/A,扬州,工业,职业,技术,,,
145,苏州百年职业学院,#N/A,苏州,百年,职业,,,,
146,昆山登云科技职业学院,#N/A,昆山,登云,科技,职业,,,
147,南京视觉艺术职业学院,#N/A,南京,视觉,艺术,视觉艺术,职业,,
148,江苏城市职业学院,#N/A,江苏,城市,职业,,,,
149,南京城市职业学院,#N/A,南京,城市,职业,,,,
150,南京机电职业技术学院,#N/A,南京,机电,职业,技术,,,
151,苏州高博软件技术职业学院,#N/A,苏州,高博,软件,技术,软件技术,职业,
152,南京旅游职业学院,#N/A,南京,旅游,南京旅游,职业,,,
153,江苏卫生健康职业学院,#N/A,江苏,卫生,健康,职业,,,
154,苏州信息职业技术学院,#N/A,苏州,信息,职业,技术,,,
155,宿迁泽达职业技术学院,#N/A,宿迁,泽达,职业,技术,,,
156,"苏州工业园区服务外包
职业学院",#N/A,苏州,工业,园区,工业园,苏州工业园区,服务,外包
157,徐州幼儿师范高等专科学校,#N/A,徐州,幼儿,师范,专科,专科学校,,
158,徐州生物工程职业技术学院,#N/A,徐州,生物,工程,生物工程,职业,技术,
159,江苏商贸职业学院,#N/A,江苏,商贸,职业,,,,
160,南通师范高等专科学校,#N/A,南通,师范,专科,专科学校,,,
161,扬州中瑞酒店职业学院,#N/A,扬州,中瑞,酒店,职业,,,
162,江苏护理职业学院,#N/A,江苏,护理,职业,护理职业,,,
163,江苏财会职业学院,#N/A,江苏,财会,职业,,,,
164,江苏城乡建设职业学院,#N/A,江苏,城乡,建设,城乡建设,职业,,
165,江苏航空职业技术学院,#N/A,江苏,航空,职业,技术,,,
166,江苏安全技术职业学院,#N/A,江苏,技术,职业,,,,
167,江苏旅游职业学院,#N/A,江苏,旅游,职业,,,,
1,浙江大学,5,浙江,,,,,,
2,杭州电子科技大学,92,杭州,电子,科技,电子科技,,,
3,浙江工业大学,85,浙江,工业,,,,,
4,浙江理工大学,163,浙江,理工,理工大,理工大学,,,
5,浙江海洋大学,271,浙江,海洋,海洋大学,,,,
6,浙江农林大学,233,浙江,农林,,,,,
7,温州医科大学,178,温州,医科大,医科大学,,,,
8,浙江中医药大学,294,浙江,中医,医药,中医药,中医药大学,,
9,浙江师范大学,87,浙江,师范,,,,,
10,杭州师范大学,172,杭州,师范,师范大学,,,,
11,湖州师范学院,374,湖州,师范,师范学院,,,,
12,绍兴文理学院,404,绍兴,文理,理学,理学院,文理学院,,
13,台州学院,492,台州,,,,,,
14,温州大学,218,温州,,,,,,
15,丽水学院,444,丽水,,,,,,
16,浙江工商大学,150,浙江,工商,商大,工商大学,,,
17,嘉兴学院,404,嘉兴,,,,,,
18,中国美术学院,暂无,中国,国美,美术,术学,美术学,,
19,中国计量大学,182,中国,计量,,,,,
20,公安海警学院,暂无,公安,海警,,,,,
21,浙江万里学院,413,浙江,万里,万里学院,,,,
22,浙江科技学院,329,浙江,科技,,,,,
23,宁波工程学院,424,宁波,工程,工程学院,,,,
24,浙江水利水电学院,444,浙江,水利,利水,水电,水利水电,,
25,浙江财经大学,242,浙江,财经,财经大学,,,,
26,浙江警察学院,暂无,浙江,警察,,,,,
27,衢州学院,646,衢州,,,,,,
28,宁波大学,82,宁波,,,,,,
29,浙江传媒学院,暂无,浙江,传媒,,,,,
30,浙江树人学院,#N/A,浙江,树,,,,,
31,浙江越秀外国语学院,#N/A,浙江,越秀,外国语,,,,
32,宁波大红鹰学院,#N/A,宁波,大红,大红鹰,,,,
33,浙江大学城市学院,700,浙江,浙江大学,城市,,,,
34,浙江大学宁波理工学院,697,浙江,浙江大学,宁波,理工,工学院,理工学院,
35,杭州医学院,711,杭州,医学,医学院,,,,
36,浙江工业大学之江学院,#N/A,浙江,工业,浙江工业大学,之江,,,
37,浙江师范大学行知学院,#N/A,浙江,师范,浙江师范大学,行,知,,
38,宁波大学科学技术学院,#N/A,宁波,宁波大学,技术,科学技术,,,
39,"杭州电子科技大学信息工程
学院",#N/A,杭州,电子,科技,电子科技,信息工程,,
40,"浙江理工大学科技与艺术
学院",#N/A,浙江,理工,理工大,理工大学,科技,艺术,
41,"浙江海洋大学东海科学技术
学院",#N/A,浙江,海洋,海洋大学,东海,技术,科学技术,
42,浙江农林大学暨阳学院,#N/A,浙江,农林,暨阳,,,,
43,温州医科大学仁济学院,#N/A,温州,医科大,医科大学,仁济,,,
44,浙江中医药大学滨江学院,#N/A,浙江,中医,医药,中医药,中医药大学,滨江,
45,杭州师范大学钱江学院,#N/A,杭州,师范,师范大学,钱江,,,
46,湖州师范学院求真学院,#N/A,湖州,师范,师范学院,求真,,,
47,绍兴文理学院元培学院,#N/A,绍兴,文理,理学,理学院,文理学院,元培,
48,温州大学瓯江学院,#N/A,温州,瓯江,,,,,
49,浙江工商大学杭州商学院,#N/A,浙江,工商,商大,工商大学,杭州,商学,商学院
50,嘉兴学院南湖学院,#N/A,嘉兴,南湖,,,,,
51,中国计量大学现代科技学院,#N/A,中国,计量,科技,现代科技,,,
52,浙江财经大学东方学院,#N/A,浙江,财经,财经大学,东方,,,
53,温州商学院,#N/A,温州,商学,商学院,,,,
54,同济大学浙江学院,#N/A,同济,同济大学,浙江,,,,
55,上海财经大学浙江学院,#N/A,上海,财经,上海财经大学,浙江,,,
56,浙江外国语学院,暂无,浙江,外国语,,,,,
57,浙江音乐学院,暂无,浙江,音乐,音乐学,音乐学院,,,
58,宁波诺丁汉大学,#N/A,宁波,诺丁汉,诺丁汉大学,,,,
59,温州肯恩大学,#N/A,温州,肯恩,,,,,
60,宁波职业技术学院,#N/A,宁波,职业,技术,,,,
61,温州职业技术学院,#N/A,温州,职业,技术,,,,
62,浙江交通职业技术学院,#N/A,浙江,交通,职业,技术,,,
63,金华职业技术学院,#N/A,金华,职业,技术,,,,
64,宁波城市职业技术学院,#N/A,宁波,城市,职业,技术,,,
65,浙江电力职业技术学院,#N/A,浙江,电力,职业,技术,,,
66,浙江同济科技职业学院,#N/A,浙江,同济,科技,职业,,,
67,浙江工商职业技术学院,#N/A,浙江,工商,商职,职业,工商职业,技术,
68,台州职业技术学院,#N/A,台州,职业,技术,,,,
69,浙江工贸职业技术学院,#N/A,浙江,工贸,职业,技术,,,
70,浙江医药高等专科学校,#N/A,浙江,医药,浙江医药,专科,专科学校,,
71,浙江机电职业技术学院,#N/A,浙江,机电,职业,技术,,,
72,浙江建设职业技术学院,#N/A,浙江,建设,职业,技术,,,
73,浙江艺术职业学院,#N/A,浙江,艺术,职业,,,,
74,浙江经贸职业技术学院,#N/A,浙江,经贸,职业,技术,,,
75,浙江商业职业技术学院,#N/A,浙江,商业,职业,商业职业,技术,,
76,浙江经济职业技术学院,#N/A,浙江,经济,职业,技术,,,
77,浙江旅游职业学院,#N/A,浙江,旅游,职业,,,,
78,浙江育英职业技术学院,#N/A,浙江,育英,职业,技术,,,
79,浙江警官职业学院,#N/A,浙江,警官,职业,,,,
80,浙江金融职业学院,#N/A,浙江,金融,职业,,,,
81,浙江工业职业技术学院,#N/A,浙江,工业,职业,技术,,,
82,杭州职业技术学院,#N/A,杭州,职业,技术,,,,
83,嘉兴职业技术学院,#N/A,嘉兴,职业,技术,,,,
84,湖州职业技术学院,#N/A,湖州,职业,技术,,,,
85,绍兴职业技术学院,#N/A,绍兴,职业,技术,,,,
86,衢州职业技术学院,#N/A,衢州,职业,技术,,,,
87,丽水职业技术学院,#N/A,丽水,职业,技术,,,,
88,浙江东方职业技术学院,#N/A,浙江,东方,职业,技术,,,
89,义乌工商职业技术学院,#N/A,义乌,工商,商职,职业,工商职业,技术,
90,浙江纺织服装职业技术学院,#N/A,浙江,纺织,服装,职业,技术,,
91,杭州科技职业技术学院,#N/A,杭州,科技,职业,技术,,,
92,浙江长征职业技术学院,#N/A,浙江,长征,职业,技术,,,
93,嘉兴南洋职业技术学院,#N/A,嘉兴,南洋,职业,技术,,,
94,浙江广厦建设职业技术学院,#N/A,浙江,广厦,浙江广厦,建设,职业,技术,
95,杭州万向职业技术学院,#N/A,杭州,万向,职业,技术,,,
96,浙江邮电职业技术学院,#N/A,浙江,邮电,职业,技术,,,
97,宁波卫生职业技术学院,#N/A,宁波,卫生,职业,技术,,,
98,台州科技职业学院,#N/A,台州,科技,职业,,,,
99,浙江国际海运职业技术学院,#N/A,浙江,国际,海运,职业,技术,,
100,浙江体育职业技术学院,#N/A,浙江,体育,职业,技术,,,
101,温州科技职业学院,#N/A,温州,科技,职业,,,,
102,浙江汽车职业技术学院,#N/A,浙江,汽车,职业,技术,,,
103,浙江横店影视职业学院,#N/A,浙江,横店,影视,职业,,,
104,浙江农业商贸职业学院,#N/A,浙江,农业,商贸,职业,,,
105,浙江特殊教育职业学院,#N/A,浙江,教育,特殊教育,职业,,,
106,浙江安防职业技术学院,#N/A,浙江,安防,职业,技术,,,
107,"浙江舟山群岛新区旅游与健康
职业学院",#N/A,浙江,舟山群岛,新区,旅游,健康,,
1,安徽大学,104,安徽,,,,,,
2,中国科学技术大学,15,中国,技术,科学技术,,,,
3,合肥工业大学,62,合肥,工业,,,,,
4,安徽工业大学,273,安徽,工业,,,,,
5,安徽理工大学,290,安徽,理工,理工大,理工大学,,,
6,安徽工程大学,391,安徽,工程,,,,,
7,安徽农业大学,222,安徽,农业,农业大学,,,,
8,安徽医科大学,273,安徽,医科大,,,,,
9,蚌埠医学院,483,蚌埠,医学,医学院,,,,
10,皖南医学院,513,皖南,医学,医学院,,,,
11,安徽中医药大学,404,安徽,中医,医药,中医药,中医药大学,,
12,安徽师范大学,132,安徽,师范,,,,,
13,阜阳师范学院,483,阜阳,师范,师范学院,,,,
14,安庆师范大学,419,安庆,师范,师范大学,,,,
15,淮北师范大学,427,淮北,师范,师范大学,,,,
16,黄山学院,498,黄山,,,,,,
17,皖西学院,573,皖西,,,,,,
18,滁州学院,541,滁州,,,,,,
19,安徽财经大学,298,安徽,财经,财经大学,,,,
20,宿州学院,635,宿州,,,,,,
21,巢湖学院,548,巢湖,,,,,,
22,淮南师范学院,613,淮南,师范,师范学院,,,,
23,铜陵学院,613,铜陵,,,,,,
24,安徽建筑大学,292,安徽,建筑,,,,,
25,安徽科技学院,523,安徽,科技,,,,,
26,安徽三联学院,#N/A,安徽,三联,,,,,
27,合肥学院,391,合肥,,,,,,
28,蚌埠学院,680,蚌埠,,,,,,
29,池州学院,665,池州,,,,,,
30,安徽新华学院,#N/A,安徽,新华,,,,,
31,安徽文达信息工程学院,#N/A,安徽,文,达,信息,工程,工程学院,
32,亳州学院,720,亳州,,,,,,
33,安徽外国语学院,#N/A,安徽,外国语,,,,,
34,安徽财经大学商学院,#N/A,安徽,财经,财经大学,商学,商学院,,
35,安徽大学江淮学院,#N/A,安徽,安徽大学,江淮,,,,
36,安徽信息工程学院,#N/A,安徽,信息,工程,工程学院,,,
37,安徽工业大学工商学院,#N/A,安徽,工业,工商,商学,商学院,工商学院,
38,安徽建筑大学城市建设学院,#N/A,安徽,建筑,城市,建设,,,
39,安徽农业大学经济技术学院,#N/A,安徽,农业,农业大学,经济,技术,,
40,安徽师范大学皖江学院,#N/A,安徽,师范,安徽师范大学,皖江,,,
41,安徽医科大学临床医学院,#N/A,安徽,医科大,安徽医科大学,临床,医学,医学院,
42,阜阳师范学院信息工程学院,#N/A,阜阳,师范,师范学院,信息,工程,工程学院,
43,淮北师范大学信息学院,#N/A,淮北,师范,师范大学,信息,,,
44,合肥师范学院,465,合肥,师范,师范学院,,,,
45,河海大学文天学院,#N/A,河海,海大,河海大学,文天,,,
46,安徽职业技术学院,#N/A,安徽,职业,技术,,,,
47,淮北职业技术学院,#N/A,淮北,职业,技术,,,,
48,芜湖职业技术学院,#N/A,芜湖,职业,技术,,,,
49,淮南联合大学,#N/A,淮南,联合,,,,,
50,安徽商贸职业技术学院,#N/A,安徽,商贸,职业,技术,,,
51,安徽水利水电职业技术学院,#N/A,安徽,水利,利水,水电,水利水电,职业,技术
52,阜阳职业技术学院,#N/A,阜阳,职业,技术,,,,
53,铜陵职业技术学院,#N/A,铜陵,职业,技术,,,,
54,民办万博科技职业学院,#N/A,民办,万博,科技,职业,,,
55,安徽警官职业学院,#N/A,安徽,警官,职业,,,,
56,淮南职业技术学院,#N/A,淮南,职业,技术,,,,
57,安徽工业经济职业技术学院,#N/A,安徽,工业,经济,职业,技术,,
58,合肥通用职业技术学院,#N/A,合肥,通用,职业,技术,,,
59,安徽工贸职业技术学院,#N/A,安徽,工贸,职业,技术,,,
60,宿州职业技术学院,#N/A,宿州,职业,技术,,,,
61,六安职业技术学院,#N/A,六安,职业,技术,,,,
62,安徽电子信息职业技术学院,#N/A,安徽,电子,信息,电子信息,职业,技术,
63,民办合肥经济技术职业学院,#N/A,民办,合肥,经济,技术,职业,,
64,安徽交通职业技术学院,#N/A,安徽,交通,职业,技术,,,
65,安徽体育运动职业技术学院,#N/A,安徽,体育,运动,体育运动,职业,技术,
66,安徽中医药高等专科学校,#N/A,安徽,中医,医药,中医药,专科,专科学校,
67,安徽医学高等专科学校,#N/A,安徽,医学,专科,专科学校,,,
68,合肥职业技术学院,#N/A,合肥,职业,技术,,,,
69,滁州职业技术学院,#N/A,滁州,职业,技术,,,,
70,池州职业技术学院,#N/A,池州,职业,技术,,,,
71,宣城职业技术学院,#N/A,宣城,职业,技术,,,,
72,安徽广播影视职业技术学院,#N/A,安徽,广播,影视,职业,技术,,
73,民办合肥滨湖职业技术学院,#N/A,民办,合肥,滨湖,职业,技术,,
74,安徽电气工程职业技术学院,#N/A,安徽,电气,工程,电气工程,职业,技术,
75,安徽冶金科技职业学院,#N/A,安徽,冶金,科技,职业,,,
76,安徽城市管理职业学院,#N/A,安徽,城市,管理,职业,,,
77,安徽机电职业技术学院,#N/A,安徽,机电,职业,技术,,,
78,安徽工商职业学院,#N/A,安徽,工商,商职,职业,工商职业,,
79,安徽中澳科技职业学院,#N/A,安徽,中澳,科技,职业,,,
80,阜阳科技职业学院,#N/A,阜阳,科技,职业,,,,
81,亳州职业技术学院,#N/A,亳州,职业,技术,,,,
82,安徽国防科技职业学院,#N/A,安徽,国防,科技,国防科,国防科技,职业,
83,安庆职业技术学院,#N/A,安庆,职业,技术,,,,
84,安徽艺术职业学院,#N/A,安徽,艺术,职业,,,,
85,马鞍山师范高等专科学校,#N/A,马鞍,鞍山,马鞍山,师范,专科,专科学校,
86,安徽财贸职业学院,#N/A,安徽,财贸,职业,,,,
87,安徽国际商务职业学院,#N/A,安徽,国际,商务,职业,,,
88,安徽公安职业学院,#N/A,安徽,公安,职业,,,,
89,安徽林业职业技术学院,#N/A,安徽,林业,职业,技术,,,
90,安徽审计职业学院,#N/A,安徽,审计,职业,,,,
91,安徽新闻出版职业技术学院,#N/A,安徽,新闻,闻出,出版,新闻出版,职业,技术
92,安徽邮电职业技术学院,#N/A,安徽,邮电,职业,技术,,,
93,安徽工业职业技术学院,#N/A,安徽,工业,职业,技术,,,
94,民办合肥财经职业学院,#N/A,民办,合肥,财经,职业,,,
95,安庆医药高等专科学校,#N/A,安庆,医药,专科,专科学校,,,
96,安徽涉外经济职业学院,#N/A,安徽,涉外,外经,经济,涉外经济,职业,
97,安徽绿海商务职业学院,#N/A,安徽,绿海,商务,职业,,,
98,合肥共达职业技术学院,#N/A,合肥,共达,职业,技术,,,
99,蚌埠经济技术职业学院,#N/A,蚌埠,经济,技术,职业,,,
100,民办安徽旅游职业学院,#N/A,民办,安徽,旅游,职业,,,
101,徽商职业学院,#N/A,徽商,职业,,,,,
102,马鞍山职业技术学院,#N/A,马鞍,鞍山,马鞍山,职业,技术,,
103,安徽现代信息工程职业学院,#N/A,安徽,信息,工程,信息工程,职业,,
104,安徽矿业职业技术学院,#N/A,安徽,矿业,职业,技术,,,
105,合肥信息技术职业学院,#N/A,合肥,信息,技术,信息技术,职业,,
106,桐城师范高等专科学校,#N/A,桐城,师范,专科,专科学校,,,
107,黄山职业技术学院,#N/A,黄山,职业,技术,,,,
108,滁州城市职业学院,#N/A,滁州,城市,职业,,,,
109,安徽汽车职业技术学院,#N/A,安徽,汽车,职业,技术,,,
110,皖西卫生职业学院,#N/A,皖西,卫生,职业,,,,
111,合肥幼儿师范高等专科学校,#N/A,合肥,幼儿,师范,专科,专科学校,,
112,安徽长江职业学院,#N/A,安徽,长江,职业,,,,
113,安徽扬子职业技术学院,#N/A,安徽,扬子,职业,技术,,,
114,安徽黄梅戏艺术职业学院,#N/A,安徽,黄梅,黄梅戏,艺术,职业,,
115,安徽粮食工程职业学院,#N/A,安徽,粮食,工程,职业,,,
116,安徽卫生健康职业学院,#N/A,安徽,卫生,健康,职业,,,
117,合肥科技职业学院,#N/A,合肥,科技,职业,,,,
118,皖北卫生职业学院,#N/A,皖北,卫生,职业,,,,
119,阜阳幼儿师范高等专科学校,#N/A,阜阳,幼儿,师范,专科,专科学校,,
1,厦门大学,22,厦门,,,,,,
2,华侨大学,127,华侨,,,,,,
3,福州大学,73,福州,,,,,,
4,福建工程学院,367,福建,工程,工程学院,,,,
5,福建农林大学,119,福建,农林,,,,,
6,集美大学,256,集美,,,,,,
7,福建医科大学,280,福建,医科大,医科大学,,,,
8,福建中医药大学,307,福建,中医,医药,中医药,中医药大学,,
9,福建师范大学,83,福建,师范,,,,,
10,闽江学院,427,闽江,,,,,,
11,武夷学院,548,武夷,,,,,,
12,宁德师范学院,613,宁德,师范,师范学院,,,,
13,泉州师范学院,498,泉州,师范,师范学院,,,,
14,闽南师范大学,424,闽南,师范,师范大学,,,,
15,厦门理工学院,396,厦门,理工,工学院,理工学院,,,
16,三明学院,577,三明,,,,,,
17,龙岩学院,577,龙岩,,,,,,
18,福建商学院,723,福建,商学,商学院,,,,
19,福建警察学院,暂无,福建,警察,,,,,
20,莆田学院,523,莆田,,,,,,
21,仰恩大学,#N/A,仰恩,,,,,,
22,厦门医学院,730,厦门,医学,医学院,,,,
23,厦门华厦学院,#N/A,厦门,华厦,,,,,
24,闽南理工学院,#N/A,闽南,理工,工学院,理工学院,,,
25,福建师范大学闽南科技学院,#N/A,福建,师范,福建师范大学,闽南,科技,,
26,福建农林大学东方学院,#N/A,福建,农林,东方,,,,
27,厦门工学院,#N/A,厦门,工学院,,,,,
28,阳光学院,#N/A,阳光,,,,,,
29,厦门大学嘉庚学院,#N/A,厦门,厦门大学,嘉庚,,,,
30,福州大学至诚学院,#N/A,福州,福州大学,至诚,,,,
31,集美大学诚毅学院,#N/A,集美,诚毅,,,,,
32,福建师范大学协和学院,#N/A,福建,师范,福建师范大学,协和,,,
33,福州外语外贸学院,#N/A,福州,外语,外贸,外语外贸,,,
34,福建江夏学院,557,福建,江夏,,,,,
35,泉州信息工程学院,#N/A,泉州,信息,工程,工程学院,,,
36,福州理工学院,#N/A,福州,理工,工学院,理工学院,,,
37,福建农林大学金山学院,#N/A,福建,农林,金山,,,,
38,福建船政交通职业学院,#N/A,福建,船政,交通,职业,,,
39,漳州职业技术学院,#N/A,漳州,职业,技术,,,,
40,闽西职业技术学院,#N/A,闽西,职业,技术,,,,
41,黎明职业大学,#N/A,黎明,职业,,,,,
42,福建华南女子职业学院,#N/A,福建,华南,女子,职业,,,
43,福州职业技术学院,#N/A,福州,职业,技术,,,,
44,福建林业职业技术学院,#N/A,福建,林业,职业,技术,,,
45,福建信息职业技术学院,#N/A,福建,信息,职业,技术,,,
46,福建水利电力职业技术学院,#N/A,福建,水利,电力,水利电力,职业,技术,
47,福建电力职业技术学院,#N/A,福建,电力,职业,技术,,,
48,厦门海洋职业技术学院,#N/A,厦门,海洋,职业,技术,,,
49,福建农业职业技术学院,#N/A,福建,农业,职业,技术,,,
50,福建卫生职业技术学院,#N/A,福建,卫生,职业,技术,,,
51,泉州医学高等专科学校,#N/A,泉州,医学,专科,专科学校,,,
52,福州英华职业学院,#N/A,福州,英华,职业,,,,
53,泉州纺织服装职业学院,#N/A,泉州,纺织,服装,职业,,,
54,泉州华光职业学院,#N/A,泉州,华光,职业,,,,
55,泉州理工职业学院,#N/A,泉州,理工,职业,,,,
56,福建警官职业学院,#N/A,福建,警官,职业,,,,
57,闽北职业技术学院,#N/A,闽北,职业,技术,,,,
58,福州黎明职业技术学院,#N/A,福州,黎明,职业,技术,,,
59,厦门演艺职业学院,#N/A,厦门,演艺,职业,,,,
60,厦门华天涉外职业技术学院,#N/A,厦门,华天,涉外,职业,技术,,
61,福州科技职业技术学院,#N/A,福州,科技,职业,技术,,,
62,泉州经贸职业技术学院,#N/A,泉州,经贸,职业,技术,,,
63,"福建对外经济贸易
职业技术学院",#N/A,福建,对外,经济,贸易,,,
64,湄洲湾职业技术学院,#N/A,湄洲湾,职业,技术,,,,
65,福建生物工程职业技术学院,#N/A,福建,生物,工程,生物工程,职业,技术,
66,福建艺术职业学院,#N/A,福建,艺术,职业,,,,
67,福建幼儿师范高等专科学校,#N/A,福建,幼儿,师范,专科,专科学校,,
68,厦门城市职业学院,#N/A,厦门,城市,职业,,,,
69,泉州工艺美术职业学院,#N/A,泉州,工艺,美术,工艺美术,职业,,
70,三明医学科技职业学院,#N/A,三明,医学,科技,职业,,,
71,宁德职业技术学院,#N/A,宁德,职业,技术,,,,
72,福州软件职业技术学院,#N/A,福州,软件,职业,技术,,,
73,厦门兴才职业技术学院,#N/A,厦门,兴才,职业,技术,,,
74,厦门软件职业技术学院,#N/A,厦门,软件,职业,技术,,,
75,福建体育职业技术学院,#N/A,福建,体育,职业,技术,,,
76,漳州城市职业学院,#N/A,漳州,城市,职业,,,,
77,厦门南洋职业学院,#N/A,厦门,南洋,职业,,,,
78,厦门东海职业技术学院,#N/A,厦门,东海,职业,技术,,,
79,漳州科技职业学院,#N/A,漳州,科技,职业,,,,
80,漳州理工职业学院,#N/A,漳州,理工,职业,,,,
81,武夷山职业学院,#N/A,武夷,武夷山,职业,,,,
82,漳州卫生职业学院,#N/A,漳州,卫生,职业,,,,
83,泉州海洋职业学院,#N/A,泉州,海洋,职业,,,,
84,泉州轻工职业学院,#N/A,泉州,轻工,职业,,,,
85,厦门安防科技职业学院,#N/A,厦门,安防,科技,职业,,,
86,泉州幼儿师范高等专科学校,#N/A,泉州,幼儿,师范,专科,专科学校,,
87,闽江师范高等专科学校,#N/A,闽江,师范,专科,专科学校,,,
88,泉州工程职业技术学院,#N/A,泉州,工程,职业,技术,,,
89,福州墨尔本理工职业学院,#N/A,福州,墨尔本,理工,职业,,,
1,南昌大学,64,南昌,,,,,,
2,华东交通大学,225,华东,交通,,,,,
3,东华理工大学,310,东华,理工,理工大,理工大学,,,
4,南昌航空大学,239,南昌,航空,,,,,
5,江西理工大学,230,江西,理工,理工大,理工大学,,,
6,景德镇陶瓷大学,261,景德镇,陶瓷,,,,,
7,江西农业大学,254,江西,农业,,,,,
8,江西中医药大学,288,江西,中医,医药,中医药,中医药大学,,
9,赣南医学院,584,赣南,医学,医学院,,,,
10,江西师范大学,135,江西,师范,,,,,
11,上饶师范学院,593,上饶,师范,师范学院,,,,
12,宜春学院,541,宜春,,,,,,
13,赣南师范大学,323,赣南,师范,师范大学,,,,
14,井冈山大学,411,井冈,冈山,井冈山,,,,
15,江西财经大学,150,江西,财经,,,,,
16,江西科技学院,#N/A,江西,科技,,,,,
17,景德镇学院,693,景德镇,,,,,,
18,萍乡学院,658,萍乡,,,,,,
19,江西科技师范大学,416,江西,科技,师范,师范大学,,,
20,南昌工程学院,427,南昌,工程,工程学院,,,,
21,江西警察学院,暂无,江西,警察,,,,,
22,新余学院,680,新余,,,,,,
23,九江学院,437,九江,,,,,,
24,江西工程学院,#N/A,江西,工程,工程学院,,,,
25,南昌理工学院,#N/A,南昌,理工,工学院,理工学院,,,
26,江西应用科技学院,#N/A,江西,科技,,,,,
27,江西服装学院,#N/A,江西,服装,服装学院,,,,
28,南昌工学院,#N/A,南昌,工学院,,,,,
29,南昌大学科学技术学院,#N/A,南昌,南昌大学,技术,科学技术,,,
30,南昌大学共青学院,#N/A,南昌,南昌大学,共青,,,,
31,华东交通大学理工学院,#N/A,华东,交通,理工,工学院,理工学院,,
32,东华理工大学长江学院,#N/A,东华,理工,理工大,理工大学,长江,,
33,南昌航空大学科技学院,#N/A,南昌,航空,科技,,,,
34,江西理工大学应用科学学院,#N/A,江西,理工,理工大,理工大学,应用科学,,
35,景德镇陶瓷大学科技艺术学院,#N/A,景德镇,陶瓷,科技,艺术,,,
36,江西农业大学南昌商学院,#N/A,江西,农业,江西农业大学,南昌,商学,商学院,
37,江西中医药大学科技学院,#N/A,江西,中医,医药,中医药,中医药大学,科技,
38,江西师范大学科学技术学院,#N/A,江西,师范,江西师范大学,技术,科学技术,,
39,赣南师范大学科技学院,#N/A,赣南,师范,师范大学,科技,,,
40,江西科技师范大学理工学院,#N/A,江西,科技,师范,师范大学,理工,工学院,理工学院
41,"江西财经大学现代经济管理
学院",#N/A,江西,财经,江西财经大学,经济,管理,,
42,豫章师范学院,716,豫章,师范,师范学院,,,,
43,南昌师范学院,675,南昌,师范,师范学院,,,,
44,上饶幼儿师范高等专科学校,#N/A,上饶,幼儿,师范,专科,专科学校,,
45,抚州幼儿师范高等专科学校,#N/A,抚州,幼儿,师范,专科,专科学校,,
46,江西工业职业技术学院,#N/A,江西,工业,职业,技术,,,
47,江西医学高等专科学校,#N/A,江西,医学,专科,专科学校,,,
48,九江职业大学,#N/A,九江,职业,,,,,
49,九江职业技术学院,#N/A,九江,职业,技术,,,,
50,江西司法警官职业学院,#N/A,江西,司法,警官,职业,,,
51,"江西陶瓷工艺美术职业技术
学院",#N/A,江西,陶瓷,工艺,美术,工艺美术,职业,技术
52,江西旅游商贸职业学院,#N/A,江西,旅游,商贸,职业,,,
53,江西电力职业技术学院,#N/A,江西,电力,职业,技术,,,
54,江西环境工程职业学院,#N/A,江西,环境,工程,环境工程,职业,,
55,江西艺术职业学院,#N/A,江西,艺术,职业,,,,
56,鹰潭职业技术学院,#N/A,鹰潭,职业,技术,,,,
57,江西信息应用职业技术学院,#N/A,江西,信息,职业,技术,,,
58,江西交通职业技术学院,#N/A,江西,交通,职业,技术,,,
59,江西财经职业学院,#N/A,江西,财经,职业,,,,
60,江西应用技术职业学院,#N/A,江西,技术,职业,,,,
61,江西现代职业技术学院,#N/A,江西,职业,技术,,,,
62,江西工业工程职业技术学院,#N/A,江西,工业,工程,职业,技术,,
63,江西机电职业技术学院,#N/A,江西,机电,职业,技术,,,
64,江西科技职业学院,#N/A,江西,科技,职业,,,,
65,南昌职业学院,#N/A,南昌,职业,,,,,
66,江西外语外贸职业学院,#N/A,江西,外语,外贸,外语外贸,职业,,
67,江西工业贸易职业技术学院,#N/A,江西,工业,贸易,工业贸易,职业,技术,
68,宜春职业技术学院,#N/A,宜春,职业,技术,,,,
69,江西应用工程职业学院,#N/A,江西,工程,职业,,,,
70,江西生物科技职业学院,#N/A,江西,生物,科技,生物科技,职业,,
71,江西建设职业技术学院,#N/A,江西,建设,职业,技术,,,
72,抚州职业技术学院,#N/A,抚州,职业,技术,,,,
73,江西中医药高等专科学校,#N/A,江西,中医,医药,中医药,专科,专科学校,
74,江西先锋软件职业技术学院,#N/A,江西,先锋,软件,职业,技术,,
75,江西经济管理职业学院,#N/A,江西,经济,管理,职业,,,
76,江西制造职业技术学院,#N/A,江西,制造,职业,技术,,,
77,江西工程职业学院,#N/A,江西,工程,职业,,,,
78,江西青年职业学院,#N/A,江西,青年,职业,,,,
79,上饶职业技术学院,#N/A,上饶,职业,技术,,,,
80,江西航空职业技术学院,#N/A,江西,航空,职业,技术,,,
81,江西农业工程职业学院,#N/A,江西,农业,工程,职业,,,
82,赣西科技职业学院,#N/A,赣西,科技,职业,,,,
83,江西卫生职业学院,#N/A,江西,卫生,职业,,,,
84,江西新能源科技职业学院,#N/A,江西,能源,新能源,科技,职业,,
85,江西枫林涉外经贸职业学院,#N/A,江西,枫林,涉外,经贸,职业,,
86,江西泰豪动漫职业学院,#N/A,江西,泰豪,动漫,职业,,,
87,江西冶金职业技术学院,#N/A,江西,冶金,职业,技术,,,
88,江西管理职业学院,#N/A,江西,管理,职业,,,,
89,江西传媒职业学院,#N/A,江西,传媒,职业,,,,
90,江西工商职业技术学院,#N/A,江西,工商,商职,职业,工商职业,技术,
91,景德镇陶瓷职业技术学院,#N/A,景德镇,陶瓷,职业,技术,,,
92,共青科技职业学院,#N/A,共青,科技,职业,,,,
93,赣州师范高等专科学校,#N/A,赣州,师范,专科,专科学校,,,
94,江西水利职业学院,#N/A,江西,水利,职业,,,,
95,宜春幼儿师范高等专科学校,#N/A,宜春,幼儿,师范,专科,专科学校,,
96,吉安职业技术学院,#N/A,吉安,职业,技术,,,,
97,江西洪州职业学院,#N/A,江西,洪州,职业,,,,
98,江西师范高等专科学校,#N/A,江西,师范,专科,专科学校,,,
99,南昌影视传播职业学院,#N/A,南昌,影视,传播,职业,,,
100,赣南卫生健康职业学院,#N/A,赣南,卫生,健康,职业,,,
1,山东大学,20,山东,东大,,,,,
2,中国海洋大学,54,中国,海洋,海洋大学,,,,
3,山东科技大学,143,山东,科技,,,,,
4,中国石油大学（华东）,78,中国,石油,石油大学,华东,,,
5,青岛科技大学,201,青岛,科技,,,,,
6,济南大学,193,济南,,,,,,
7,青岛理工大学,242,青岛,理工,理工大,理工大学,,,
8,山东建筑大学,320,山东,建筑,,,,,
9,齐鲁工业大学,98,齐鲁,工业,,,,,
10,山东理工大学,216,山东,理工,理工大,,,,
11,山东农业大学,132,山东,农业,农业大学,,,,
12,青岛农业大学,304,青岛,农业,农业大学,,,,
13,潍坊医学院,476,潍坊,医学,医学院,,,,
14,泰山医学院,313,泰山,医学,医学院,,,,
15,滨州医学院,444,滨州,医学,医学院,,,,
16,山东中医药大学,316,山东,中医,医药,中医药,中医药大学,,
17,济宁医学院,523,济宁,医学,医学院,,,,
18,山东师范大学,126,山东,师范,,,,,
19,曲阜师范大学,201,曲阜,师范,,,,,
20,聊城大学,298,聊城,,,,,,
21,德州学院,533,德州,,,,,,
22,滨州学院,523,滨州,,,,,,
23,鲁东大学,283,鲁东,,,,,,
24,临沂大学,365,临沂,,,,,,
25,泰山学院,613,泰山,,,,,,
26,济宁学院,669,济宁,,,,,,
27,菏泽学院,665,菏泽,,,,,,
28,山东财经大学,189,山东,财经,财经大学,,,,
29,山东体育学院,暂无,山东,体育,,,,,
30,山东艺术学院,暂无,山东,艺术,,,,,
31,齐鲁医药学院,#N/A,齐鲁,医药,,,,,
32,青岛滨海学院,#N/A,青岛,滨海,滨海学院,,,,
33,枣庄学院,646,枣庄,,,,,,
34,山东工艺美术学院,暂无,山东,工艺,美术,术学,美术学,,
35,青岛大学,152,青岛,,,,,,
36,烟台大学,267,烟台,,,,,,
37,潍坊学院,557,潍坊,,,,,,
38,山东警察学院,暂无,山东,警察,,,,,
39,山东交通学院,475,山东,交通,,,,,
40,山东工商学院,413,山东,工商,商学,商学院,工商学院,,
41,山东女子学院,651,山东,女子,,,,,
42,烟台南山学院,#N/A,烟台,南山,,,,,
43,潍坊科技学院,#N/A,潍坊,科技,,,,,
44,山东英才学院,#N/A,山东,英才,,,,,
45,青岛恒星科技学院,#N/A,青岛,恒星,科技,,,,
46,青岛黄海学院,#N/A,青岛,黄海,,,,,
47,山东现代学院,#N/A,山东,,,,,,
48,山东协和学院,#N/A,山东,协和,,,,,
49,烟台大学文经学院,#N/A,烟台,文经,,,,,
50,聊城大学东昌学院,#N/A,聊城,东昌,,,,,
51,青岛理工大学琴岛学院,#N/A,青岛,理工,理工大,理工大学,琴岛,,
52,山东师范大学历山学院,#N/A,山东,师范,山东师范大学,历山,,,
53,山东财经大学燕山学院,#N/A,山东,财经,财经大学,燕山,,,
54,中国石油大学胜利学院,#N/A,中国,石油,石油大学,胜利,,,
55,山东科技大学泰山科技学院,#N/A,山东,科技,泰山,科技,,,
56,山东华宇工学院,#N/A,山东,华宇,工学院,,,,
57,青岛工学院,#N/A,青岛,工学院,,,,,
58,青岛农业大学海都学院,#N/A,青岛,农业,农业大学,海都,,,
59,齐鲁理工学院,#N/A,齐鲁,理工,工学院,理工学院,,,
60,山东财经大学东方学院,#N/A,山东,财经,财经大学,东方,,,
61,济南大学泉城学院,#N/A,济南,泉城,,,,,
62,山东政法学院,613,山东,政法,法学,法学院,政法学院,,
63,齐鲁师范学院,675,齐鲁,师范,师范学院,,,,
64,山东青年政治学院,577,山东,青年,政治,,,,
65,"北京电影学院现代创意媒体
学院",#N/A,北京,电影,电影学,北京电影学院,创意,媒体,
66,山东管理学院,675,山东,管理,,,,,
67,山东农业工程学院,696,山东,农业,工程,工程学院,,,
68,山东医学高等专科学校,#N/A,山东,医学,专科,专科学校,,,
69,菏泽医学专科学校,#N/A,菏泽,医学,专科,专科学校,,,
70,山东商业职业技术学院,#N/A,山东,商业,职业,商业职业,技术,,
71,山东电力高等专科学校,#N/A,山东,电力,山东电力,专科,专科学校,,
72,日照职业技术学院,#N/A,日照,职业,技术,,,,
73,曲阜远东职业技术学院,#N/A,曲阜,远东,职业,技术,,,
74,青岛职业技术学院,#N/A,青岛,职业,技术,,,,
75,威海职业学院,#N/A,威海,职业,,,,,
76,山东职业学院,#N/A,山东,职业,,,,,
77,山东劳动职业技术学院,#N/A,山东,劳动,职业,技术,,,
78,莱芜职业技术学院,#N/A,莱芜,职业,技术,,,,
79,济宁职业技术学院,#N/A,济宁,职业,技术,,,,
80,潍坊职业学院,#N/A,潍坊,职业,,,,,
81,烟台职业学院,#N/A,烟台,职业,,,,,
82,东营职业学院,#N/A,东营,职业,,,,,
83,聊城职业技术学院,#N/A,聊城,职业,技术,,,,
84,滨州职业学院,#N/A,滨州,职业,,,,,
85,山东科技职业学院,#N/A,山东,科技,职业,,,,
86,山东服装职业学院,#N/A,山东,服装,职业,,,,
87,德州科技职业学院,#N/A,德州,科技,职业,,,,
88,山东力明科技职业学院,#N/A,山东,力明,科技,职业,,,
89,山东圣翰财贸职业学院,#N/A,山东,圣翰,财贸,职业,,,
90,山东水利职业学院,#N/A,山东,水利,职业,,,,
91,山东畜牧兽医职业学院,#N/A,山东,畜牧,兽医,职业,,,
92,青岛飞洋职业技术学院,#N/A,青岛,飞洋,职业,技术,,,
93,东营科技职业学院,#N/A,东营,科技,职业,,,,
94,山东交通职业学院,#N/A,山东,交通,职业,,,,
95,淄博职业学院,#N/A,淄博,职业,,,,,
96,山东外贸职业学院,#N/A,山东,外贸,职业,,,,
97,青岛酒店管理职业技术学院,#N/A,青岛,酒店,管理,职业,技术,,
98,山东信息职业技术学院,#N/A,山东,信息,职业,技术,,,
99,青岛港湾职业技术学院,#N/A,青岛,港湾,职业,技术,,,
100,山东胜利职业学院,#N/A,山东,胜利,职业,,,,
101,山东经贸职业学院,#N/A,山东,经贸,职业,,,,
102,山东工业职业学院,#N/A,山东,工业,职业,,,,
103,山东化工职业学院,#N/A,山东,化工,职业,,,,
104,青岛求实职业技术学院,#N/A,青岛,求实,职业,技术,,,
105,济南职业学院,#N/A,济南,职业,,,,,
106,烟台工程职业技术学院,#N/A,烟台,工程,职业,技术,,,
107,山东凯文科技职业学院,#N/A,山东,凯文,科技,职业,,,
108,山东外国语职业学院,#N/A,山东,外国语,职业,,,,
109,潍坊工商职业学院,#N/A,潍坊,工商,商职,职业,工商职业,,
110,德州职业技术学院,#N/A,德州,职业,技术,,,,
111,枣庄科技职业学院,#N/A,枣庄,科技,职业,,,,
112,淄博师范高等专科学校,#N/A,淄博,师范,专科,专科学校,,,
113,山东中医药高等专科学校,#N/A,山东,中医,医药,中医药,专科,专科学校,
114,济南工程职业技术学院,#N/A,济南,工程,职业,技术,,,
115,山东电子职业技术学院,#N/A,山东,电子,职业,技术,,,
116,山东旅游职业学院,#N/A,山东,旅游,职业,,,,
117,山东铝业职业学院,#N/A,山东,铝业,山东铝业,职业,,,
118,山东杏林科技职业学院,#N/A,山东,杏林,科技,职业,,,
119,泰山职业技术学院,#N/A,泰山,职业,技术,,,,
120,山东外事翻译职业学院,#N/A,山东,外事,翻译,职业,,,
121,山东药品食品职业学院,#N/A,山东,药品,食品,职业,,,
122,山东商务职业学院,#N/A,山东,商务,职业,,,,
123,山东轻工职业学院,#N/A,山东,轻工,职业,,,,
124,山东城市建设职业学院,#N/A,山东,城市,建设,职业,,,
125,烟台汽车工程职业学院,#N/A,烟台,汽车,工程,职业,,,
126,山东司法警官职业学院,#N/A,山东,司法,警官,职业,,,
127,菏泽家政职业学院,#N/A,菏泽,家政,职业,,,,
128,山东传媒职业学院,#N/A,山东,传媒,职业,,,,
129,临沂职业学院,#N/A,临沂,职业,,,,,
130,枣庄职业学院,#N/A,枣庄,职业,,,,,
131,山东理工职业学院,#N/A,山东,理工,职业,,,,
132,山东文化产业职业学院,#N/A,山东,文化,产业,文化产业,职业,,
133,青岛远洋船员职业学院,#N/A,青岛,远洋,洋船,远洋船,员,职业,
134,济南幼儿师范高等专科学校,#N/A,济南,幼儿,师范,专科,专科学校,,
135,济南护理职业学院,#N/A,济南,护理,职业,护理职业,,,
136,泰山护理职业学院,#N/A,泰山,护理,职业,护理职业,,,
137,山东海事职业学院,#N/A,山东,海事,职业,海事职业,,,
138,潍坊护理职业学院,#N/A,潍坊,护理,职业,护理职业,,,
139,潍坊工程职业学院,#N/A,潍坊,工程,职业,,,,
140,菏泽职业学院,#N/A,菏泽,职业,,,,,
141,山东艺术设计职业学院,#N/A,山东,艺术,设计,艺术设计,职业,,
142,威海海洋职业学院,#N/A,威海,海洋,职业,,,,
143,山东特殊教育职业学院,#N/A,山东,教育,特殊教育,职业,,,
144,烟台黄金职业学院,#N/A,烟台,黄金,职业,,,,
145,日照航海工程职业学院,#N/A,日照,航海,工程,职业,,,
1,华北水利水电大学,344,华北,水利,利水,水电,水利水电,,
2,郑州大学,46,郑州,,,,,,
3,河南理工大学,191,河南,理工,理工大,理工大学,,,
4,郑州轻工业学院,362,郑州,轻工,工业,轻工业,,,
5,河南工业大学,237,河南,工业,,,,,
6,河南科技大学,143,河南,科技,,,,,
7,中原工学院,374,中原,工学院,,,,,
8,河南农业大学,176,河南,农业,农业大学,,,,
9,河南科技学院,395,河南,科技,,,,,
10,河南牧业经济学院,476,河南,牧业,经济,,,,
11,河南中医药大学,326,河南,中医,医药,中医药,中医药大学,,
12,新乡医学院,440,新乡,医学,医学院,,,,
13,河南大学,81,河南,南大,,,,,
14,河南师范大学,155,河南,师范,,,,,
15,信阳师范学院,374,信阳,师范,师范学院,,,,
16,周口师范学院,577,周口,师范,师范学院,,,,
17,安阳师范学院,459,安阳,师范,师范学院,,,,
18,许昌学院,567,许昌,,,,,,
19,南阳师范学院,492,南阳,师范,师范学院,,,,
20,洛阳师范学院,463,洛阳,师范,师范学院,,,,
21,商丘师范学院,548,商丘,师范,师范学院,,,,
22,河南财经政法大学,348,河南,财经,政法,政法大,政法大学,,
23,郑州航空工业管理学院,447,郑州,航空,工业,航空工业,管理,,
24,黄淮学院,593,黄淮,,,,,,
25,平顶山学院,613,平顶,平顶山,,,,,
26,郑州工程技术学院,708,郑州,工程,技术,工程技术,,,
27,洛阳理工学院,452,洛阳,理工,工学院,理工学院,,,
28,新乡学院,669,新乡,,,,,,
29,信阳农林学院,646,信阳,农林,,,,,
30,河南工学院,705,河南,工学院,,,,,
31,安阳工学院,646,安阳,工学院,,,,,
32,河南工程学院,541,河南,工程,工程学院,,,,
33,河南财政金融学院,716,河南,财政,金融,财政金融,,,
34,南阳理工学院,519,南阳,理工,工学院,理工学院,,,
35,河南城建学院,613,河南,城建,,,,,
36,河南警察学院,暂无,河南,警察,,,,,
37,黄河科技学院,#N/A,黄河,科技,,,,,
38,铁道警察学院,暂无,铁道,警察,,,,,
39,郑州科技学院,#N/A,郑州,科技,,,,,
40,郑州工业应用技术学院,#N/A,郑州,工业,技术,,,,
41,郑州师范学院,584,郑州,师范,师范学院,,,,
42,郑州财经学院,#N/A,郑州,财经,经学,财经学院,,,
43,黄河交通学院,#N/A,黄河,交通,,,,,
44,商丘工学院,#N/A,商丘,工学院,,,,,
45,河南大学民生学院,#N/A,河南,南大,河南大学,民生,,,
46,河南师范大学新联学院,#N/A,河南,师范,河南师范大学,新联,,,
47,信阳学院,#N/A,信阳,,,,,,
48,安阳学院,#N/A,安阳,,,,,,
49,新乡医学院三全学院,#N/A,新乡,医学,医学院,三全,,,
50,河南科技学院新科学院,#N/A,河南,科技,新,科学院,,,
51,郑州工商学院,#N/A,郑州,工商,商学,商学院,工商学院,,
52,中原工学院信息商务学院,#N/A,中原,工学院,信息,商务,,,
53,商丘学院,#N/A,商丘,,,,,,
54,郑州成功财经学院,#N/A,郑州,成功,财经,经学,财经学院,,
55,郑州升达经贸管理学院,#N/A,郑州,升达,经贸,管理,,,
56,河南职业技术学院,#N/A,河南,职业,技术,,,,
57,漯河职业技术学院,#N/A,漯河,职业,技术,,,,
58,三门峡职业技术学院,#N/A,三门,三门峡,职业,技术,,,
59,郑州铁路职业技术学院,#N/A,郑州,铁路,职业,技术,,,
60,开封大学,#N/A,开封,,,,,,
61,焦作大学,#N/A,焦作,,,,,,
62,濮阳职业技术学院,#N/A,濮阳,职业,技术,,,,
63,郑州电力高等专科学校,#N/A,郑州,电力,专科,专科学校,,,
64,黄河水利职业技术学院,#N/A,黄河,水利,职业,技术,,,
65,许昌职业技术学院,#N/A,许昌,职业,技术,,,,
66,河南工业和信息化职业学院,#N/A,河南,工业,信息,信息化,职业,,
67,河南水利与环境职业学院,#N/A,河南,水利,环境,职业,,,
68,商丘职业技术学院,#N/A,商丘,职业,技术,,,,
69,平顶山工业职业技术学院,#N/A,平顶,平顶山,工业,职业,技术,,
70,周口职业技术学院,#N/A,周口,职业,技术,,,,
71,济源职业技术学院,#N/A,济源,职业,技术,,,,
72,河南司法警官职业学院,#N/A,河南,司法,警官,职业,,,
73,鹤壁职业技术学院,#N/A,鹤壁,职业,技术,,,,
74,河南工业职业技术学院,#N/A,河南,工业,职业,技术,,,
75,郑州澍青医学高等专科学校,#N/A,郑州,澍,青,医学,专科,专科学校,
76,焦作师范高等专科学校,#N/A,焦作,师范,专科,专科学校,,,
77,河南检察职业学院,#N/A,河南,检察,职业,,,,
78,河南质量工程职业学院,#N/A,河南,质量,工程,职业,,,
79,郑州信息科技职业学院,#N/A,郑州,信息,科技,职业,,,
80,漯河医学高等专科学校,#N/A,漯河,医学,专科,专科学校,,,
81,南阳医学高等专科学校,#N/A,南阳,医学,专科,专科学校,,,
82,商丘医学高等专科学校,#N/A,商丘,医学,专科,专科学校,,,
83,郑州电子信息职业技术学院,#N/A,郑州,电子,信息,电子信息,职业,技术,
84,信阳职业技术学院,#N/A,信阳,职业,技术,,,,
85,嵩山少林武术职业学院,#N/A,嵩山,少林,武术,职业,,,
86,郑州工业安全职业学院,#N/A,郑州,工业,职业,,,,
87,永城职业学院,#N/A,永城,职业,,,,,
88,河南经贸职业学院,#N/A,河南,经贸,职业,,,,
89,河南交通职业技术学院,#N/A,河南,交通,职业,技术,,,
90,河南农业职业学院,#N/A,河南,农业,职业,,,,
91,郑州旅游职业学院,#N/A,郑州,旅游,职业,,,,
92,郑州职业技术学院,#N/A,郑州,职业,技术,,,,
93,河南信息统计职业学院,#N/A,河南,信息,统计,职业,,,
94,河南林业职业学院,#N/A,河南,林业,职业,,,,
95,河南工业贸易职业学院,#N/A,河南,工业,贸易,工业贸易,职业,,
96,郑州电力职业技术学院,#N/A,郑州,电力,职业,技术,,,
97,周口科技职业学院,#N/A,周口,科技,职业,,,,
98,河南建筑职业技术学院,#N/A,河南,建筑,职业,技术,,,
99,漯河食品职业学院,#N/A,漯河,食品,职业,,,,
100,郑州城市职业学院,#N/A,郑州,城市,职业,,,,
101,安阳职业技术学院,#N/A,安阳,职业,技术,,,,
102,新乡职业技术学院,#N/A,新乡,职业,技术,,,,
103,驻马店职业技术学院,#N/A,马店,驻马店,职业,技术,,,
104,焦作工贸职业学院,#N/A,焦作,工贸,职业,,,,
105,许昌陶瓷职业学院,#N/A,许昌,陶瓷,职业,,,,
106,郑州理工职业学院,#N/A,郑州,理工,职业,,,,
107,郑州信息工程职业学院,#N/A,郑州,信息,工程,信息工程,职业,,
108,长垣烹饪职业技术学院,#N/A,长垣,烹饪,职业,技术,,,
109,开封文化艺术职业学院,#N/A,开封,文化,艺术,职业,,,
110,河南应用技术职业学院,#N/A,河南,技术,职业,,,,
111,河南艺术职业学院,#N/A,河南,艺术,职业,,,,
112,河南机电职业学院,#N/A,河南,机电,职业,,,,
113,河南护理职业学院,#N/A,河南,护理,职业,护理职业,,,
114,许昌电气职业学院,#N/A,许昌,电气,职业,,,,
115,信阳涉外职业技术学院,#N/A,信阳,涉外,职业,技术,,,
116,鹤壁汽车工程职业学院,#N/A,鹤壁,汽车,工程,职业,,,
117,南阳职业学院,#N/A,南阳,职业,,,,,
118,郑州商贸旅游职业学院,#N/A,郑州,商贸,旅游,职业,,,
119,河南推拿职业学院,#N/A,河南,推拿,职业,,,,
120,洛阳职业技术学院,#N/A,洛阳,职业,技术,,,,
121,郑州幼儿师范高等专科学校,#N/A,郑州,幼儿,师范,专科,专科学校,,
122,安阳幼儿师范高等专科学校,#N/A,安阳,幼儿,师范,专科,专科学校,,
123,郑州黄河护理职业学院,#N/A,郑州,黄河,护理,职业,护理职业,,
124,河南医学高等专科学校,#N/A,河南,医学,专科,专科学校,,,
125,郑州财税金融职业学院,#N/A,郑州,财税,金融,职业,,,
126,南阳农业职业学院,#N/A,南阳,农业,职业,,,,
127,洛阳科技职业学院,#N/A,洛阳,科技,职业,,,,
128,鹤壁能源化工职业学院,#N/A,鹤壁,能源,化工,职业,,,
129,平顶山文化艺术职业学院,#N/A,平顶,平顶山,文化,艺术,职业,,
130,濮阳医学高等专科学校,#N/A,濮阳,医学,专科,专科学校,,,
131,驻马店幼儿师范高等专科学校,#N/A,马店,驻马店,幼儿,师范,专科,专科学校,
132,三门峡社会管理职业学院,#N/A,三门,三门峡,社会,管理,职业,,
133,河南轻工职业学院,#N/A,河南,轻工,职业,,,,
134,河南测绘职业学院,#N/A,河南,测绘,职业,,,,
1,武汉大学,9,武汉,,,,,,
2,华中科技大学,12,华中,中科,科技,华中科,,,
3,武汉科技大学,171,武汉,科技,,,,,
4,长江大学,209,长江,,,,,,
5,武汉工程大学,331,武汉,工程,,,,,
6,中国地质大学（武汉）,55,中国,地质,中国地质大学,武汉,,,
7,武汉纺织大学,272,武汉,纺织,,,,,
8,武汉轻工大学,360,武汉,轻工,,,,,
9,武汉理工大学,40,武汉,理工,理工大,,,,
10,湖北工业大学,193,湖北,工业,,,,,
11,华中农业大学,43,华中,中农,农业,,,,
12,湖北中医药大学,341,湖北,中医,医药,中医药,中医药大学,,
13,华中师范大学,36,华中,中师,师范,,,,
14,湖北大学,155,湖北,,,,,,
15,湖北师范大学,388,湖北,师范,师范大学,,,,
16,黄冈师范学院,508,黄冈,师范,师范学院,,,,
17,湖北民族学院,465,湖北,民族,,,,,
18,汉江师范学院,720,汉江,师范,师范学院,,,,
19,湖北文理学院,567,湖北,文理,理学,理学院,文理学院,,
20,中南财经政法大学,69,中南,财经,政法,政法大,,,
21,武汉体育学院,暂无,武汉,体育,,,,,
22,湖北美术学院,暂无,湖北,北美,美术,术学,美术学,,
23,中南民族大学,167,中南,民族,,,,,
24,湖北汽车工业学院,465,湖北,汽车,工业,,,,
25,湖北工程学院,452,湖北,工程,工程学院,,,,
26,湖北理工学院,593,湖北,理工,工学院,理工学院,,,
27,湖北科技学院,519,湖北,科技,,,,,
28,湖北医药学院,584,湖北,医药,,,,,
29,江汉大学,396,江汉,,,,,,
30,三峡大学,216,三峡,,,,,,
31,湖北警官学院,暂无,湖北,警官,,,,,
32,荆楚理工学院,658,荆楚,理工,工学院,理工学院,,,
33,武汉音乐学院,暂无,武汉,音乐,音乐学,音乐学院,,,
34,湖北经济学院,409,湖北,经济,,,,,
35,武汉商学院,688,武汉,商学,商学院,,,,
36,武汉东湖学院,#N/A,武汉,东湖,,,,,
37,汉口学院,#N/A,汉口,,,,,,
38,武昌首义学院,#N/A,武昌,首义,,,,,
39,武昌理工学院,#N/A,武昌,理工,工学院,理工学院,,,
40,武汉生物工程学院,#N/A,武汉,生物,工程,工程学院,,,
41,武汉晴川学院,#N/A,武汉,晴川,,,,,
42,湖北大学知行学院,#N/A,湖北,知,行,,,,
43,武汉科技大学城市学院,#N/A,武汉,科技,城市,,,,
44,三峡大学科技学院,#N/A,三峡,科技,,,,,
45,江汉大学文理学院,#N/A,江汉,文理,理学,理学院,文理学院,,
46,湖北工业大学工程技术学院,#N/A,湖北,工业,工程,技术,工程技术,,
47,"武汉工程大学邮电与信息工程
学院",#N/A,武汉,工程,邮电,信息,工程,信息工程,
48,武汉纺织大学外经贸学院,#N/A,武汉,纺织,外经,经贸,外经贸,,
49,武昌工学院,#N/A,武昌,工学院,,,,,
50,武汉工商学院,#N/A,武汉,工商,商学,商学院,工商学院,,
51,长江大学工程技术学院,#N/A,长江,工程,技术,工程技术,,,
52,长江大学文理学院,#N/A,长江,文理,理学,理学院,文理学院,,
53,湖北商贸学院,#N/A,湖北,商贸,,,,,
54,湖北汽车工业学院科技学院,#N/A,湖北,汽车,工业,科技,,,
55,湖北医药学院药护学院,#N/A,湖北,医药,药护,,,,
56,湖北民族学院科技学院,#N/A,湖北,民族,科技,,,,
57,湖北经济学院法商学院,#N/A,湖北,经济,法商,商学,商学院,法商学院,
58,武汉体育学院体育科技学院,#N/A,武汉,体育,体育,科技,,,
59,湖北师范大学文理学院,#N/A,湖北,师范,师范大学,文理,理学,理学院,文理学院
60,湖北文理学院理工学院,#N/A,湖北,文理学院,理工学院,,,,
61,湖北工程学院新技术学院,#N/A,湖北,工程,工程学院,新,技术,,
62,文华学院,#N/A,文华,,,,,,
63,武汉学院,#N/A,武汉,,,,,,
64,武汉工程科技学院,#N/A,武汉,工程,科技,,,,
65,武汉华夏理工学院,#N/A,武汉,华夏,理工,工学院,理工学院,,
66,武汉传媒学院,#N/A,武汉,传媒,,,,,
67,武汉设计工程学院,#N/A,武汉,设计,工程,工程学院,,,
68,湖北第二师范学院,557,湖北,师范,师范学院,,,,
69,武汉职业技术学院,#N/A,武汉,职业,技术,术学,,,
70,黄冈职业技术学院,#N/A,黄冈,职业,技术,,,,
71,长江职业学院,#N/A,长江,职业,,,,,
72,荆州理工职业学院,#N/A,荆州,理工,职业,,,,
73,湖北工业职业技术学院,#N/A,湖北,工业,职业,技术,,,
74,鄂州职业大学,#N/A,鄂州,职业,,,,,
75,武汉城市职业学院,#N/A,武汉,城市,职业,,,,
76,湖北职业技术学院,#N/A,湖北,职业,技术,,,,
77,武汉船舶职业技术学院,#N/A,武汉,船舶,职业,技术,,,
78,恩施职业技术学院,#N/A,恩施,职业,技术,,,,
79,襄阳职业技术学院,#N/A,襄阳,职业,技术,,,,
80,武汉工贸职业学院,#N/A,武汉,工贸,职业,,,,
81,荆州职业技术学院,#N/A,荆州,职业,技术,,,,
82,武汉工程职业技术学院,#N/A,武汉,工程,职业,技术,,,
83,仙桃职业学院,#N/A,仙桃,职业,,,,,
84,湖北轻工职业技术学院,#N/A,湖北,轻工,职业,技术,,,
85,湖北交通职业技术学院,#N/A,湖北,交通,职业,技术,,,
86,湖北中医药高等专科学校,#N/A,湖北,中医,医药,中医药,专科,专科学校,
87,武汉航海职业技术学院,#N/A,武汉,航海,职业,技术,,,
88,武汉铁路职业技术学院,#N/A,武汉,铁路,职业,技术,,,
89,武汉软件工程职业学院,#N/A,武汉,软件,工程,软件工程,职业,,
90,湖北三峡职业技术学院,#N/A,湖北,三峡,职业,技术,,,
91,随州职业技术学院,#N/A,随州,职业,技术,,,,
92,武汉电力职业技术学院,#N/A,武汉,电力,职业,技术,,,
93,湖北水利水电职业技术学院,#N/A,湖北,水利,利水,水电,水利水电,职业,技术
94,湖北城市建设职业技术学院,#N/A,湖北,城市,建设,职业,技术,,
95,武汉警官职业学院,#N/A,武汉,警官,职业,,,,
96,湖北生物科技职业学院,#N/A,湖北,生物,科技,生物科技,职业,,
97,湖北开放职业学院,#N/A,湖北,开放,职业,,,,
98,武汉科技职业学院,#N/A,武汉,科技,职业,,,,
99,武汉外语外事职业学院,#N/A,武汉,外语,外事,职业,,,
100,武汉信息传播职业技术学院,#N/A,武汉,信息,传播,职业,技术,,
101,武昌职业学院,#N/A,武昌,职业,,,,,
102,武汉商贸职业学院,#N/A,武汉,商贸,职业,,,,
103,湖北艺术职业学院,#N/A,湖北,艺术,职业,,,,
104,武汉交通职业学院,#N/A,武汉,交通,职业,,,,
105,咸宁职业技术学院,#N/A,咸宁,职业,技术,,,,
106,长江工程职业技术学院,#N/A,长江,工程,职业,技术,,,
107,江汉艺术职业学院,#N/A,江汉,艺术,职业,,,,
108,武汉工业职业技术学院,#N/A,武汉,工业,职业,技术,,,
109,武汉民政职业学院,#N/A,武汉,民政,职业,,,,
110,鄂东职业技术学院,#N/A,鄂东,职业,技术,,,,
111,湖北财税职业学院,#N/A,湖北,财税,职业,,,,
112,黄冈科技职业学院,#N/A,黄冈,科技,职业,,,,
113,湖北国土资源职业学院,#N/A,湖北,国土,资源,国土资源,职业,,
114,湖北生态工程职业技术学院,#N/A,湖北,生态,工程,职业,技术,,
115,三峡电力职业学院,#N/A,三峡,电力,职业,,,,
116,湖北科技职业学院,#N/A,湖北,科技,职业,,,,
117,湖北青年职业学院,#N/A,湖北,青年,职业,,,,
118,湖北工程职业学院,#N/A,湖北,工程,职业,,,,
119,三峡旅游职业技术学院,#N/A,三峡,旅游,职业,技术,,,
120,天门职业学院,#N/A,天门,职业,,,,,
121,湖北体育职业学院,#N/A,湖北,体育,职业,,,,
122,襄阳汽车职业技术学院,#N/A,襄阳,汽车,职业,技术,,,
123,湖北幼儿师范高等专科学校,#N/A,湖北,幼儿,师范,专科,专科学校,,
124,湖北铁道运输职业学院,#N/A,湖北,铁道,运输,职业,,,
125,武汉海事职业学院,#N/A,武汉,海事,职业,海事职业,,,
126,长江艺术工程职业学院,#N/A,长江,艺术,工程,职业,,,
127,荆门职业学院,#N/A,荆门,职业,,,,,
128,武汉铁路桥梁职业学院,#N/A,武汉,铁路,路桥,桥梁,铁路桥,铁路桥梁,职业
129,武汉光谷职业学院,#N/A,武汉,光谷,职业,,,,
1,湘潭大学,121,湘潭,,,,,,
2,吉首大学,338,吉首,,,,,,
3,湖南大学,32,湖南,南大,,,,,
4,中南大学,20,中南,南大,,,,,
5,湖南科技大学,198,湖南,科技,,,,,
6,长沙理工大学,129,长沙,理工,理工大,理工大学,,,
7,湖南农业大学,149,湖南,农业,农业大学,,,,
8,中南林业科技大学,236,中南,林业,科技,,,,
9,湖南中医药大学,297,湖南,中医,医药,中医药,中医药大学,,
10,湖南师范大学,59,湖南,师范,,,,,
11,湖南理工学院,360,湖南,理工,工学院,理工学院,,,
12,湘南学院,593,湘南,,,,,,
13,衡阳师范学院,459,衡阳,师范,师范学院,,,,
14,邵阳学院,513,邵阳,,,,,,
15,怀化学院,557,怀化,,,,,,
16,湖南文理学院,465,湖南,文理,理学,理学院,文理学院,,
17,湖南科技学院,513,湖南,科技,,,,,
18,湖南人文科技学院,557,湖南,人文,科技,,,,
19,湖南商学院,322,湖南,商学,商学院,,,,
20,南华大学,267,南华,华大,,,,,
21,长沙医学院,#N/A,长沙,医学,医学院,,,,
22,长沙学院,498,长沙,,,,,,
23,湖南工程学院,483,湖南,工程,工程学院,,,,
24,湖南城市学院,492,湖南,城市,,,,,
25,湖南工学院,557,湖南,工学院,,,,,
26,湖南财政经济学院,548,湖南,财政,经济,,,,
27,湖南警察学院,暂无,湖南,警察,,,,,
28,湖南工业大学,339,湖南,工业,,,,,
29,湖南女子学院,635,湖南,女子,,,,,
30,湖南第一师范学院,498,湖南,第一,师范,师范学院,,,
31,湖南医药学院,713,湖南,医药,,,,,
32,湖南涉外经济学院,#N/A,湖南,涉外,外经,经济,涉外经济,,
33,湘潭大学兴湘学院,#N/A,湘潭,兴湘,,,,,
34,湖南工业大学科技学院,#N/A,湖南,工业,科技,,,,
35,湖南科技大学潇湘学院,#N/A,湖南,科技,潇湘,,,,
36,南华大学船山学院,#N/A,南华,华大,南华大学,船山,,,
37,湖南商学院北津学院,#N/A,湖南,商学,商学院,北津,,,
38,湖南师范大学树达学院,#N/A,湖南,师范,湖南师范大学,树达,,,
39,湖南农业大学东方科技学院,#N/A,湖南,农业,农业大学,东方,科技,,
40,中南林业科技大学涉外学院,#N/A,中南,林业,科技,涉外,,,
41,湖南文理学院芙蓉学院,#N/A,湖南,文理,理学,理学院,文理学院,芙蓉,
42,湖南理工学院南湖学院,#N/A,湖南,理工,工学院,理工学院,南湖,,
43,衡阳师范学院南岳学院,#N/A,衡阳,师范,师范学院,南岳,,,
44,湖南工程学院应用技术学院,#N/A,湖南,工程,工程学院,技术,,,
45,湖南中医药大学湘杏学院,#N/A,湖南,中医,医药,中医药,中医药大学,湘杏,
46,吉首大学张家界学院,#N/A,吉首,张家,张家界,,,,
47,长沙理工大学城南学院,#N/A,长沙,理工,理工大,理工大学,城南,,
48,长沙师范学院,635,长沙,师范,师范学院,,,,
49,湖南应用技术学院,#N/A,湖南,技术,,,,,
50,湖南信息学院,#N/A,湖南,信息,,,,,
51,湖南交通工程学院,#N/A,湖南,交通,工程,工程学院,,,
52,湘中幼儿师范高等专科学校,#N/A,湘中,幼儿,师范,专科,专科学校,,
53,长沙民政职业技术学院,#N/A,长沙,民政,职业,技术,,,
54,湖南工业职业技术学院,#N/A,湖南,工业,职业,技术,,,
55,株洲师范高等专科学校,#N/A,株洲,师范,专科,专科学校,,,
56,湖南信息职业技术学院,#N/A,湖南,信息,职业,技术,,,
57,湖南税务高等专科学校,#N/A,湖南,税务,专科,专科学校,,,
58,湖南冶金职业技术学院,#N/A,湖南,冶金,职业,技术,,,
59,长沙航空职业技术学院,#N/A,长沙,航空,职业,技术,,,
60,湖南大众传媒职业技术学院,#N/A,湖南,大众,传媒,大众传媒,职业,技术,
61,永州职业技术学院,#N/A,永州,职业,技术,,,,
62,湖南铁道职业技术学院,#N/A,湖南,铁道,职业,技术,,,
63,湖南科技职业学院,#N/A,湖南,科技,职业,,,,
64,湖南生物机电职业技术学院,#N/A,湖南,生物,机电,职业,技术,,
65,湖南交通职业技术学院,#N/A,湖南,交通,职业,技术,,,
66,湖南商务职业技术学院,#N/A,湖南,商务,职业,技术,,,
67,湖南体育职业学院,#N/A,湖南,体育,职业,,,,
68,湖南工程职业技术学院,#N/A,湖南,工程,职业,技术,,,
69,保险职业学院,#N/A,保险,职业,,,,,
70,湖南外贸职业学院,#N/A,湖南,外贸,职业,,,,
71,湖南网络工程职业学院,#N/A,湖南,网络,工程,网络工程,职业,,
72,邵阳职业技术学院,#N/A,邵阳,职业,技术,,,,
73,湖南司法警官职业学院,#N/A,湖南,司法,警官,职业,,,
74,长沙商贸旅游职业技术学院,#N/A,长沙,商贸,旅游,职业,技术,,
75,湖南环境生物职业技术学院,#N/A,湖南,环境,生物,职业,技术,,
76,湖南邮电职业技术学院,#N/A,湖南,邮电,职业,技术,,,
77,湘潭医卫职业技术学院,#N/A,湘潭,医卫,职业,技术,,,
78,郴州职业技术学院,#N/A,郴州,职业,技术,,,,
79,娄底职业技术学院,#N/A,娄底,职业,技术,,,,
80,张家界航空工业职业技术学院,#N/A,张家,张家界,航空,工业,航空工业,职业,技术
81,长沙环境保护职业技术学院,#N/A,长沙,环境,保护,环境保护,职业,技术,
82,湖南艺术职业学院,#N/A,湖南,艺术,职业,,,,
83,湖南机电职业技术学院,#N/A,湖南,机电,职业,技术,,,
84,长沙职业技术学院,#N/A,长沙,职业,技术,,,,
85,怀化职业技术学院,#N/A,怀化,职业,技术,,,,
86,岳阳职业技术学院,#N/A,岳阳,职业,技术,,,,
87,常德职业技术学院,#N/A,常德,职业,技术,,,,
88,长沙南方职业学院,#N/A,长沙,南方,职业,,,,
89,潇湘职业学院,#N/A,潇湘,职业,,,,,
90,湖南化工职业技术学院,#N/A,湖南,化工,职业,技术,,,
91,湖南城建职业技术学院,#N/A,湖南,城建,职业,技术,,,
92,湖南石油化工职业技术学院,#N/A,湖南,石油,化工,石油化工,职业,技术,
93,湖南中医药高等专科学校,#N/A,湖南,中医,医药,中医药,专科,专科学校,
94,湖南民族职业学院,#N/A,湖南,民族,职业,,,,
95,湘西民族职业技术学院,#N/A,湘西,民族,职业,技术,,,
96,湖南财经工业职业技术学院,#N/A,湖南,财经,工业,职业,技术,,
97,益阳职业技术学院,#N/A,益阳,职业,技术,,,,
98,湖南工艺美术职业学院,#N/A,湖南,工艺,美术,工艺美术,职业,,
99,湖南九嶷职业技术学院,#N/A,湖南,九嶷,职业,技术,,,
100,湖南理工职业技术学院,#N/A,湖南,理工,职业,技术,,,
101,湖南软件职业学院,#N/A,湖南,软件,职业,,,,
102,湖南汽车工程职业学院,#N/A,湖南,汽车,工程,职业,,,
103,长沙电力职业技术学院,#N/A,长沙,电力,职业,技术,,,
104,湖南水利水电职业技术学院,#N/A,湖南,水利,利水,水电,水利水电,职业,技术
105,湖南现代物流职业技术学院,#N/A,湖南,物流,职业,技术,,,
106,湖南高速铁路职业技术学院,#N/A,湖南,高速,铁路,高速铁路,职业,技术,
107,湖南铁路科技职业技术学院,#N/A,湖南,铁路,科技,职业,技术,,
108,湖南安全技术职业学院,#N/A,湖南,技术,职业,,,,
109,湖南电气职业技术学院,#N/A,湖南,电气,职业,技术,,,
110,湖南外国语职业学院,#N/A,湖南,外国语,职业,,,,
111,益阳医学高等专科学校,#N/A,益阳,医学,专科,专科学校,,,
112,湖南都市职业学院,#N/A,湖南,都市,职业,,,,
113,湖南电子科技职业学院,#N/A,湖南,电子,科技,电子科技,职业,,
114,湖南国防工业职业技术学院,#N/A,湖南,国防,工业,国防工业,职业,技术,
115,湖南高尔夫旅游职业学院,#N/A,湖南,高尔夫,旅游,职业,,,
116,湖南工商职业学院,#N/A,湖南,工商,商职,职业,工商职业,,
117,湖南三一工业职业技术学院,#N/A,湖南,三一,工业,职业,技术,,
118,长沙卫生职业学院,#N/A,长沙,卫生,职业,,,,
119,湖南食品药品职业学院,#N/A,湖南,食品,药品,食品药品,职业,,
120,湖南有色金属职业技术学院,#N/A,湖南,有色,金属,有色金属,职业,技术,
121,湖南吉利汽车职业技术学院,#N/A,湖南,吉利,汽车,职业,技术,,
122,湖南幼儿师范高等专科学校,#N/A,湖南,幼儿,师范,专科,专科学校,,
123,湘南幼儿师范高等专科学校,#N/A,湘南,幼儿,师范,专科,专科学校,,
124,湖南劳动人事职业学院,#N/A,湖南,劳动,动人,人事,劳动人事,职业,
1,中山大学,10,中山,山大,,,,,
2,暨南大学,61,暨南,南大,,,,,
3,汕头大学,166,汕头,,,,,,
4,华南理工大学,30,华南,理工,南理工,理工大,,,
5,华南农业大学,79,华南,农业,,,,,
6,广东海洋大学,350,广东,海洋,海洋大学,,,,
7,广州医科大学,237,广州,医科大,医科大学,,,,
8,广东医科大学,435,广东,医科大,医科大学,,,,
9,广州中医药大学,212,广州,中医,医药,中医药,中医药大学,,
10,广东药科大学,409,广东,药科,,,,,
11,华南师范大学,66,华南,师范,师范大学,,,,
12,韶关学院,452,韶关,,,,,,
13,惠州学院,523,惠州,,,,,,
14,韩山师范学院,498,韩山,师范,师范学院,,,,
15,岭南师范学院,686,岭南,师范,师范学院,,,,
16,肇庆学院,508,肇庆,,,,,,
17,嘉应学院,557,嘉应,,,,,,
18,广州体育学院,暂无,广州,体育,,,,,
19,广州美术学院,暂无,广州,美术,术学,美术学,,,
20,星海音乐学院,暂无,星海,音乐,音乐学,音乐学院,,,
21,广东技术师范学院,419,广东,技术,师范,师范学院,,,
22,深圳大学,86,深圳,,,,,,
23,广东财经大学,326,广东,财经,财经大学,,,,
24,广东白云学院,#N/A,广东,白云,,,,,
25,广州大学,140,广州,,,,,,
26,广州航海学院,669,广州,航海,,,,,
27,广东警官学院,暂无,广东,警官,,,,,
28,仲恺农业工程学院,476,仲恺,农业,工程,工程学院,,,
29,五邑大学,382,五邑,,,,,,
30,广东金融学院,396,广东,金融,,,,,
31,电子科技大学中山学院,#N/A,电子,科技,电子科技,中山,,,
32,广东石油化工学院,440,广东,石油,化工,石油化工,,,
33,东莞理工学院,188,东莞,理工,工学院,理工学院,,,
34,广东工业大学,116,广东,工业,,,,,
35,广东外语外贸大学,125,广东,外语,外贸,,,,
36,佛山科学技术学院,323,佛山,技术,科学技术,,,,
37,广东培正学院,#N/A,广东,培正,,,,,
38,南方医科大学,120,南方,医科大,医科大学,,,,
39,广东东软学院,#N/A,广东,东软,,,,,
40,华南理工大学广州学院,#N/A,华南,理工,南理工,理工大,华南理工大学,广州,
41,广州大学华软软件学院,#N/A,广州,广州大学,华软,软件,,,
42,中山大学南方学院,#N/A,中山,山大,中山大学,南方,,,
43,广东外语外贸大学南国商学院,#N/A,广东,外语,外贸,广东外语外贸大学,南国,商学,商学院
44,广东财经大学华商学院,#N/A,广东,财经,财经大学,华商,,,
45,广东海洋大学寸金学院,#N/A,广东,海洋,海洋大学,寸金,,,
46,华南农业大学珠江学院,#N/A,华南,农业,华南农业大学,珠江,,,
47,广东技术师范学院天河学院,#N/A,广东,技术,师范,师范学院,天河,,
48,北京师范大学珠海分校,#N/A,北京,京师,师范,北京师范大学,珠海,分校,
49,广东工业大学华立学院,#N/A,广东,工业,华立,,,,
50,广州大学松田学院,#N/A,广州,广州大学,松田,,,,
51,广州商学院,#N/A,广州,商学,商学院,,,,
52,北京理工大学珠海学院,#N/A,北京,理工,理工大,北京理工大学,珠海,,
53,吉林大学珠海学院,#N/A,吉林,吉林大学,珠海,,,,
54,广州工商学院,#N/A,广州,工商,商学,商学院,工商学院,,
55,广东科技学院,#N/A,广东,科技,,,,,
56,广东理工学院,#N/A,广东,理工,工学院,理工学院,,,
57,东莞理工学院城市学院,#N/A,东莞,理工,工学院,理工学院,城市,,
58,中山大学新华学院,#N/A,中山,山大,中山大学,新华,,,
59,广东第二师范学院,604,广东,师范,师范学院,,,,
60,南方科技大学,176,南方,科技,,,,,
61,北京师范大学-香港浸会大学联合国际学院,#N/A,北京,北京师范大学,香港浸会大学,联合,国际,,
62,香港中文大学（深圳）,#N/A,香港,中文,香港中文大学,深圳,,,
63,深圳北理莫斯科大学,#N/A,深圳,北理,莫斯科,莫斯科大学,,,
64,广东以色列理工学院,#N/A,广东,以色列,理工,工学院,理工学院,,
65,顺德职业技术学院,#N/A,顺德,职业,技术,,,,
66,广东轻工职业技术学院,#N/A,广东,轻工,职业,技术,,,
67,广东交通职业技术学院,#N/A,广东,交通,职业,技术,,,
68,广东水利电力职业技术学院,#N/A,广东,水利,电力,水利电力,职业,技术,
69,潮汕职业技术学院,#N/A,潮汕,职业,技术,,,,
70,深圳职业技术学院,#N/A,深圳,职业,技术,,,,
71,广东南华工商职业学院,#N/A,广东,南华,工商,商职,职业,工商职业,
72,私立华联学院,#N/A,私立,华联,,,,,
73,广州民航职业技术学院,#N/A,广州,民航,职业,技术,,,
74,广州番禺职业技术学院,#N/A,广州,番禺,职业,技术,,,
75,广东松山职业技术学院,#N/A,广东,松山,职业,技术,,,
76,广东农工商职业技术学院,#N/A,广东,农工,工商,农工商,职业,技术,
77,广东新安职业技术学院,#N/A,广东,新安,职业,技术,,,
78,佛山职业技术学院,#N/A,佛山,职业,技术,,,,
79,广东科学技术职业学院,#N/A,广东,技术,科学技术,职业,,,
80,广东食品药品职业学院,#N/A,广东,食品,药品,食品药品,职业,,
81,广州康大职业技术学院,#N/A,广州,康大,职业,技术,,,
82,珠海艺术职业学院,#N/A,珠海,艺术,职业,,,,
83,广东行政职业学院,#N/A,广东,行政,职业,,,,
84,广东体育职业技术学院,#N/A,广东,体育,职业,技术,,,
85,广东职业技术学院,#N/A,广东,职业,技术,,,,
86,广东建设职业技术学院,#N/A,广东,建设,职业,技术,,,
87,广东女子职业技术学院,#N/A,广东,女子,职业,技术,,,
88,广东机电职业技术学院,#N/A,广东,机电,职业,技术,,,
89,广东岭南职业技术学院,#N/A,广东,岭南,职业,技术,,,
90,汕尾职业技术学院,#N/A,汕尾,职业,技术,,,,
91,罗定职业技术学院,#N/A,罗定,职业,技术,,,,
92,阳江职业技术学院,#N/A,阳江,职业,技术,,,,
93,河源职业技术学院,#N/A,河源,职业,技术,,,,
94,广东邮电职业技术学院,#N/A,广东,邮电,职业,技术,,,
95,汕头职业技术学院,#N/A,汕头,职业,技术,,,,
96,揭阳职业技术学院,#N/A,揭阳,职业,技术,,,,
97,深圳信息职业技术学院,#N/A,深圳,信息,职业,技术,,,
98,清远职业技术学院,#N/A,清远,职业,技术,,,,
99,广东工贸职业技术学院,#N/A,广东,工贸,职业,技术,,,
100,广东司法警官职业学院,#N/A,广东,司法,警官,职业,,,
101,广东亚视演艺职业学院,#N/A,广东,亚视,演艺,职业,,,
102,广东省外语艺术职业学院,#N/A,广东,广东省,外语,艺术,职业,,
103,广东文艺职业学院,#N/A,广东,文艺,职业,,,,
104,广州体育职业技术学院,#N/A,广州,体育,职业,技术,,,
105,广州工程技术职业学院,#N/A,广州,工程,技术,工程技术,职业,,
106,中山火炬职业技术学院,#N/A,中山,火炬,职业,技术,,,
107,江门职业技术学院,#N/A,江门,职业,技术,,,,
108,茂名职业技术学院,#N/A,茂名,职业,技术,,,,
109,珠海城市职业技术学院,#N/A,珠海,城市,职业,技术,,,
110,广州涉外经济职业技术学院,#N/A,广州,涉外,外经,经济,涉外经济,职业,技术
111,广州南洋理工职业学院,#N/A,广州,南洋,理工,职业,,,
112,广州科技职业技术学院,#N/A,广州,科技,职业,技术,,,
113,惠州经济职业技术学院,#N/A,惠州,经济,职业,技术,,,
114,广东工商职业学院,#N/A,广东,工商,商职,职业,工商职业,,
115,肇庆医学高等专科学校,#N/A,肇庆,医学,专科,专科学校,,,
116,"广州现代信息工程职业技术
学院",#N/A,广州,信息,工程,信息工程,职业,技术,
117,广东理工职业学院,#N/A,广东,理工,职业,,,,
118,广州华南商贸职业学院,#N/A,广州,华南,商贸,职业,,,
119,广州华立科技职业学院,#N/A,广州,华立,科技,职业,,,
120,广州城市职业学院,#N/A,广州,城市,职业,,,,
121,广东工程职业技术学院,#N/A,广东,工程,职业,技术,,,
122,广州铁路职业技术学院,#N/A,广州,铁路,职业,技术,,,
123,广东科贸职业学院,#N/A,广东,科贸,职业,,,,
124,广州科技贸易职业学院,#N/A,广州,科技,贸易,职业,,,
125,中山职业技术学院,#N/A,中山,职业,技术,,,,
126,广州珠江职业技术学院,#N/A,广州,珠江,职业,技术,,,
127,广州松田职业学院,#N/A,广州,松田,职业,,,,
128,广东文理职业学院,#N/A,广东,文理,职业,,,,
129,广州城建职业学院,#N/A,广州,城建,职业,,,,
130,东莞职业技术学院,#N/A,东莞,职业,技术,,,,
131,广东南方职业学院,#N/A,广东,南方,职业,,,,
132,广州华商职业学院,#N/A,广州,华商,职业,,,,
133,广州华夏职业学院,#N/A,广州,华夏,职业,,,,
134,广东环境保护工程职业学院,#N/A,广东,环境,保护,环境保护,工程,职业,
135,广东青年职业学院,#N/A,广东,青年,职业,,,,
136,广州东华职业学院,#N/A,广州,东华,职业,,,,
137,广东创新科技职业学院,#N/A,广东,创新,科技,职业,,,
138,广东舞蹈戏剧职业学院,#N/A,广东,舞蹈,戏剧,职业,,,
139,惠州卫生职业技术学院,#N/A,惠州,卫生,职业,技术,,,
140,广东信息工程职业学院,#N/A,广东,信息,工程,信息工程,职业,,
141,广东生态工程职业学院,#N/A,广东,生态,工程,职业,,,
142,惠州城市职业学院,#N/A,惠州,城市,职业,,,,
143,广东碧桂园职业学院,#N/A,广东,桂园,碧桂园,职业,,,
144,公安边防部队高等专科学校,#N/A,公安,边防,防部,部队,边防部队,专科学校,
145,广东茂名健康职业学院,#N/A,广东,茂名,健康,职业,,,
146,广东酒店管理职业技术学院,#N/A,广东,酒店,管理,职业,技术,,
147,广东茂名幼儿师范专科学校,#N/A,广东,茂名,幼儿,师范,专科,专科学校,
148,广州卫生职业技术学院,#N/A,广州,卫生,职业,技术,,,
149,惠州工程职业学院,#N/A,惠州,工程,职业,,,,
150,广东江门中医药职业学院,#N/A,广东,江门,中医,医药,中医药,职业,
151,湛江幼儿师范专科学校,#N/A,湛江,幼儿,师范,专科,专科学校,,
1,广西大学,89,广西,,,,,,
2,广西科技大学,413,广西,科技,,,,,
3,桂林电子科技大学,193,桂林,电子,科技,电子科技,,,
4,桂林理工大学,267,桂林,理工,理工大,理工大学,,,
5,广西医科大学,248,广西,医科大,医科大学,,,,
6,右江民族医学院,473,右江,民族,医学,医学院,,,
7,广西中医药大学,354,广西,中医,医药,中医药,中医药大学,,
8,桂林医学院,447,桂林,医学,医学院,,,,
9,广西师范大学,132,广西,师范,,,,,
10,广西师范学院,319,广西,师范,师范学院,,,,
11,广西民族师范学院,635,广西,民族,师范,师范学院,,,
12,河池学院,604,河池,,,,,,
13,玉林师范学院,548,玉林,师范,师范学院,,,,
14,广西艺术学院,暂无,广西,艺术,术学,,,,
15,广西民族大学,230,广西,民族,,,,,
16,百色学院,577,百色,,,,,,
17,梧州学院,573,梧州,,,,,,
18,广西科技师范学院,716,广西,科技,师范,师范学院,,,
19,广西财经学院,427,广西,财经,经学,财经学院,,,
20,南宁学院,#N/A,南宁,,,,,,
21,钦州学院,548,钦州,,,,,,
22,桂林航天工业学院,577,桂林,航天,天工,工业,航天工业,,
23,桂林旅游学院,711,桂林,旅游,,,,,
24,贺州学院,635,贺州,,,,,,
25,广西警察学院,暂无,广西,警察,,,,,
26,北海艺术设计学院,#N/A,北海,艺术,设计,艺术设计,,,
27,广西大学行健文理学院,#N/A,广西,广西大学,行健,文理,理学,理学院,文理学院
28,广西科技大学鹿山学院,#N/A,广西,科技,鹿山,,,,
29,广西民族大学相思湖学院,#N/A,广西,民族,相思,湖,,,
30,广西师范大学漓江学院,#N/A,广西,师范,广西师范大学,漓江,,,
31,广西师范学院师园学院,#N/A,广西,师范,师范学院,师园,,,
32,"广西中医药大学赛恩斯新医药
学院",#N/A,广西,中医药大学,赛恩斯,新医药,,,
33,"桂林电子科技大学信息科技
学院",#N/A,桂林,电子,科技,电子科技,信息,科技,
34,桂林理工大学博文管理学院,#N/A,桂林,理工,理工大,理工大学,博文,管理,
35,广西外国语学院,#N/A,广西,外国语,,,,,
36,北京航空航天大学北海学院,#N/A,北京,航空,,航天,天大,北京航空航天大学,北海
37,广西机电职业技术学院,#N/A,广西,机电,职业,技术,,,
38,广西体育高等专科学校,#N/A,广西,体育,专科,专科学校,,,
39,南宁职业技术学院,#N/A,南宁,职业,技术,,,,
40,广西水利电力职业技术学院,#N/A,广西,水利,电力,水利电力,职业,技术,
41,桂林师范高等专科学校,#N/A,桂林,师范,专科,专科学校,,,
42,广西职业技术学院,#N/A,广西,职业,技术,,,,
43,柳州职业技术学院,#N/A,柳州,职业,技术,,,,
44,广西生态工程职业技术学院,#N/A,广西,生态,工程,职业,技术,,
45,广西交通职业技术学院,#N/A,广西,交通,职业,技术,,,
46,广西工业职业技术学院,#N/A,广西,工业,职业,技术,,,
47,广西国际商务职业技术学院,#N/A,广西,国际,商务,职业,技术,,
48,广西农业职业技术学院,#N/A,广西,农业,职业,技术,,,
49,柳州铁道职业技术学院,#N/A,柳州,铁道,职业,技术,,,
50,广西建设职业技术学院,#N/A,广西,建设,职业,技术,,,
51,广西现代职业技术学院,#N/A,广西,职业,技术,,,,
52,北海职业学院,#N/A,北海,职业,,,,,
53,桂林山水职业学院,#N/A,桂林,山水,桂林山水,职业,,,
54,广西经贸职业技术学院,#N/A,广西,经贸,职业,技术,,,
55,广西工商职业技术学院,#N/A,广西,工商,商职,职业,工商职业,技术,
56,广西演艺职业学院,#N/A,广西,演艺,职业,,,,
57,广西电力职业技术学院,#N/A,广西,电力,职业,技术,,,
58,广西城市职业学院,#N/A,广西,城市,职业,,,,
59,广西英华国际职业学院,#N/A,广西,英华,国际,职业,,,
60,柳州城市职业学院,#N/A,柳州,城市,职业,,,,
61,百色职业学院,#N/A,百色,职业,,,,,
62,广西工程职业学院,#N/A,广西,工程,职业,,,,
63,广西理工职业技术学院,#N/A,广西,理工,职业,技术,,,
64,梧州职业学院,#N/A,梧州,职业,,,,,
65,广西经济职业学院,#N/A,广西,经济,职业,,,,
66,广西幼儿师范高等专科学校,#N/A,广西,幼儿,师范,专科,专科学校,,
67,广西科技职业学院,#N/A,广西,科技,职业,,,,
68,广西卫生职业技术学院,#N/A,广西,卫生,职业,技术,,,
69,广西培贤国际职业学院,#N/A,广西,培贤,国际,职业,,,
70,广西金融职业技术学院,#N/A,广西,金融,职业,技术,,,
71,广西中远职业学院,#N/A,广西,中远,职业,,,,
72,玉柴职业技术学院,#N/A,玉柴,职业,技术,,,,
73,广西蓝天航空职业学院,#N/A,广西,蓝天,航空,职业,,,
74,广西安全工程职业技术学院,#N/A,广西,工程,安全工程,职业,技术,,
1,海南大学,135,海南,南大,,,,,
2,海南热带海洋学院,567,海南,热带,海洋,热带海洋,,,
3,海南师范大学,273,海南,师范,师范大学,,,,
4,海南医学院,401,海南,医学,医学院,,,,
5,海口经济学院,#N/A,海口,经济,,,,,
6,琼台师范学院,720,琼台,师范,师范学院,,,,
7,三亚学院,#N/A,三亚,,,,,,
8,海南职业技术学院,#N/A,海南,职业,技术,,,,
9,三亚城市职业学院,#N/A,三亚,城市,职业,,,,
10,海南软件职业技术学院,#N/A,海南,软件,职业,技术,,,
11,海南政法职业学院,#N/A,海南,政法,职业,,,,
12,海南外国语职业学院,#N/A,海南,外国语,职业,,,,
13,海南经贸职业技术学院,#N/A,海南,经贸,职业,技术,,,
14,海南工商职业学院,#N/A,海南,工商,商职,职业,工商职业,,
15,三亚航空旅游职业学院,#N/A,三亚,航空,旅游,职业,,,
16,海南科技职业学院,#N/A,海南,科技,职业,,,,
17,三亚理工职业学院,#N/A,三亚,理工,职业,,,,
18,海南体育职业技术学院,#N/A,海南,体育,职业,技术,,,
19,三亚中瑞酒店管理职业学院,#N/A,三亚,中瑞,酒店,管理,职业,,
1,重庆大学,33,重庆,庆大,,,,,
2,重庆邮电大学,157,重庆,邮电,电大,邮电大学,,,
3,重庆交通大学,198,重庆,交通,,,,,
4,重庆医科大学,175,重庆,医科大,医科大学,,,,
5,西南大学,38,西南,,,,,,
6,重庆师范大学,215,重庆,师范,师范大学,,,,
7,重庆文理学院,427,重庆,文理,理学,理学院,文理学院,,
8,重庆三峡学院,498,重庆,三峡,三峡学院,,,,
9,长江师范学院,459,长江,师范,师范学院,,,,
10,四川外国语大学,暂无,四川,外国语,,,,,
11,西南政法大学,124,西南,政法,政法大,,,,
12,四川美术学院,暂无,四川,美术,术学,美术学,美术学院,,
13,重庆科技学院,388,重庆,科技,,,,,
14,重庆理工大学,278,重庆,理工,理工大,理工大学,,,
15,重庆工商大学,234,重庆,工商,商大,工商大学,,,
16,重庆工程学院,#N/A,重庆,工程,工程学院,,,,
17,重庆大学城市科技学院,#N/A,重庆,庆大,重庆大学,城市,科技,,
18,重庆警察学院,暂无,重庆,警察,,,,,
19,重庆人文科技学院,#N/A,重庆,人文,科技,,,,
20,"四川外国语大学重庆南方翻译
学院",#N/A,四川,外国语,重庆,南方,翻译,,
21,重庆师范大学涉外商贸学院,#N/A,重庆,师范,师范大学,涉外,商贸,,
22,重庆工商大学融智学院,#N/A,重庆,工商,商大,工商大学,融智,,
23,重庆工商大学派斯学院,#N/A,重庆,工商,商大,工商大学,派斯,,
24,重庆邮电大学移通学院,#N/A,重庆,邮电,电大,邮电大学,移通,,
25,重庆第二师范学院,658,重庆,师范,师范学院,,,,
26,重庆航天职业技术学院,#N/A,重庆,航天,职业,技术,,,
27,重庆电力高等专科学校,#N/A,重庆,电力,专科,专科学校,,,
28,重庆工业职业技术学院,#N/A,重庆,工业,职业,技术,,,
29,重庆三峡职业学院,#N/A,重庆,三峡,职业,,,,
30,重庆工贸职业技术学院,#N/A,重庆,工贸,职业,技术,,,
31,重庆机电职业技术学院,#N/A,重庆,机电,职业,技术,,,
32,重庆电子工程职业学院,#N/A,重庆,电子,工程,职业,,,
33,重庆海联职业技术学院,#N/A,重庆,海联,职业,技术,,,
34,重庆信息技术职业学院,#N/A,重庆,信息,技术,信息技术,职业,,
35,重庆传媒职业学院,#N/A,重庆,传媒,职业,,,,
36,重庆城市管理职业学院,#N/A,重庆,城市,管理,职业,,,
37,重庆工程职业技术学院,#N/A,重庆,工程,职业,技术,,,
38,重庆房地产职业学院,#N/A,重庆,房地,地产,房地产,职业,,
39,重庆城市职业学院,#N/A,重庆,城市,职业,,,,
40,重庆水利电力职业技术学院,#N/A,重庆,水利,电力,水利电力,职业,技术,
41,重庆工商职业学院,#N/A,重庆,工商,商职,职业,工商职业,,
42,重庆应用技术职业学院,#N/A,重庆,技术,职业,,,,
43,重庆三峡医药高等专科学校,#N/A,重庆,三峡,医药,专科,专科学校,,
44,重庆医药高等专科学校,#N/A,重庆,医药,重庆医药,专科,专科学校,,
45,重庆青年职业技术学院,#N/A,重庆,青年,职业,技术,,,
46,重庆财经职业学院,#N/A,重庆,财经,职业,,,,
47,重庆科创职业学院,#N/A,重庆,科创,职业,,,,
48,重庆建筑工程职业学院,#N/A,重庆,建筑,工程,建筑工程,职业,,
49,重庆电讯职业学院,#N/A,重庆,电讯,职业,,,,
50,重庆能源职业学院,#N/A,重庆,能源,职业,,,,
51,重庆商务职业学院,#N/A,重庆,商务,职业,,,,
52,重庆交通职业学院,#N/A,重庆,交通,职业,,,,
53,重庆化工职业学院,#N/A,重庆,化工,职业,,,,
54,重庆旅游职业学院,#N/A,重庆,旅游,职业,,,,
55,重庆安全技术职业学院,#N/A,重庆,技术,职业,,,,
56,重庆公共运输职业学院,#N/A,重庆,公共,运输,职业,,,
57,重庆艺术工程职业学院,#N/A,重庆,艺术,工程,职业,,,
58,重庆轻工职业学院,#N/A,重庆,轻工,职业,,,,
59,重庆电信职业学院,#N/A,重庆,电信,重庆电信,职业,,,
60,重庆经贸职业学院,#N/A,重庆,经贸,职业,,,,
61,重庆幼儿师范高等专科学校,#N/A,重庆,幼儿,师范,专科,专科学校,,
62,重庆文化艺术职业学院,#N/A,重庆,文化,艺术,职业,,,
63,重庆科技职业学院,#N/A,重庆,科技,职业,,,,
64,重庆资源与环境保护职业学院,#N/A,重庆,资源,环境,保护,环境保护,职业,
65,重庆护理职业学院,#N/A,重庆,护理,职业,护理职业,,,
1,四川大学,14,四川,,,,,,
2,西南交通大学,41,西南,交通,,,,,
3,电子科技大学,37,电子,科技,电子科技,,,,
4,西南石油大学,210,西南,石油,石油大学,,,,
5,成都理工大学,157,成都,理工,理工大,理工大学,,,
6,西南科技大学,248,西南,科技,,,,,
7,成都信息工程大学,350,成都,信息,工程,信息工程,,,
8,四川理工学院,437,四川,理工,工学院,理工学院,,,
9,西华大学,329,西华,,,,,,
10,中国民用航空飞行学院,492,中国,民用,航空,民用航空,飞行,,
11,四川农业大学,128,四川,农业,农业大学,,,,
12,西昌学院,669,西昌,,,,,,
13,西南医科大学,427,西南,医科大,医科大学,,,,
14,成都中医药大学,213,成都,中医,医药,中医药,中医药大学,,
15,川北医学院,533,川北,医学,医学院,,,,
16,四川师范大学,182,四川,师范,师范大学,,,,
17,西华师范大学,333,西华,师范,师范大学,,,,
18,绵阳师范学院,613,绵阳,师范,师范学院,,,,
19,内江师范学院,557,内江,师范,师范学院,,,,
20,宜宾学院,523,宜宾,,,,,,
21,四川文理学院,669,四川,文理,理学,理学院,文理学院,,
22,阿坝师范学院,713,阿坝,师范,师范学院,,,,
23,乐山师范学院,498,乐山,师范,师范学院,,,,
24,西南财经大学,100,西南,财经,,,,,
25,成都体育学院,暂无,成都,体育,,,,,
26,四川音乐学院,暂无,四川,音乐,音乐学,音乐学院,,,
27,西南民族大学,220,西南,民族,,,,,
28,成都学院,401,成都,,,,,,
29,成都工业学院,513,成都,工业,,,,,
30,攀枝花学院,604,攀枝,攀枝花,,,,,
31,四川旅游学院,689,四川,旅游,,,,,
32,四川民族学院,693,四川,民族,,,,,
33,四川警察学院,暂无,四川,警察,,,,,
34,成都东软学院,#N/A,成都,东软,,,,,
35,电子科技大学成都学院,#N/A,电子,科技,电子科技,成都,,,
36,成都理工大学工程技术学院,#N/A,成都,理工,理工大,理工大学,工程,技术,工程技术
37,四川传媒学院,#N/A,四川,传媒,,,,,
38,成都信息工程大学银杏酒店管理学院,#N/A,成都,信息,工程,信息工程,银杏,酒店,管理
39,成都文理学院,#N/A,成都,文理,理学,理学院,文理学院,,
40,四川工商学院,#N/A,四川,工商,商学,商学院,工商学院,,
41,四川外国语大学成都学院,#N/A,四川,外国语,成都,,,,
42,成都医学院,541,成都,医学,医学院,,,,
43,四川工业科技学院,#N/A,四川,工业,科技,,,,
44,四川大学锦城学院,#N/A,四川,四川大学,锦城,,,,
45,西南财经大学天府学院,#N/A,西南,财经,西南财经大学,天府,,,
46,四川大学锦江学院,#N/A,四川,四川大学,锦江,,,,
47,四川文化艺术学院,#N/A,四川,文化,艺术,,,,
48,西南科技大学城市学院,#N/A,西南,科技,城市,,,,
49,西南交通大学希望学院,#N/A,西南,交通,希望,,,,
50,成都师范学院,651,成都,师范,师范学院,,,,
51,四川电影电视学院,#N/A,四川,电影,电视,,,,
52,成都纺织高等专科学校,#N/A,成都,纺织,专科,专科学校,,,
53,民办四川天一学院,#N/A,民办,四川,天一,,,,
54,成都航空职业技术学院,#N/A,成都,航空,职业,技术,,,
55,四川电力职业技术学院,#N/A,四川,电力,职业,技术,,,
56,成都职业技术学院,#N/A,成都,职业,技术,,,,
57,四川化工职业技术学院,#N/A,四川,化工,职业,技术,,,
58,四川水利职业技术学院,#N/A,四川,水利,职业,技术,,,
59,南充职业技术学院,#N/A,南充,职业,技术,,,,
60,内江职业技术学院,#N/A,内江,职业,技术,,,,
61,四川航天职业技术学院,#N/A,四川,航天,职业,技术,,,
62,四川邮电职业技术学院,#N/A,四川,邮电,职业,技术,,,
63,四川机电职业技术学院,#N/A,四川,机电,职业,技术,,,
64,绵阳职业技术学院,#N/A,绵阳,职业,技术,,,,
65,四川交通职业技术学院,#N/A,四川,交通,职业,技术,,,
66,四川工商职业技术学院,#N/A,四川,工商,商职,职业,工商职业,技术,
67,四川工程职业技术学院,#N/A,四川,工程,职业,技术,,,
68,四川建筑职业技术学院,#N/A,四川,建筑,职业,技术,,,
69,达州职业技术学院,#N/A,达州,职业,技术,,,,
70,四川托普信息技术职业学院,#N/A,四川,托普,信息,技术,信息技术,职业,
71,四川国际标榜职业学院,#N/A,四川,国际,标榜,职业,,,
72,成都农业科技职业学院,#N/A,成都,农业,科技,职业,,,
73,宜宾职业技术学院,#N/A,宜宾,职业,技术,,,,
74,泸州职业技术学院,#N/A,泸州,职业,技术,,,,
75,眉山职业技术学院,#N/A,眉山,职业,技术,,,,
76,成都艺术职业学院,#N/A,成都,艺术,职业,,,,
77,四川职业技术学院,#N/A,四川,职业,技术,,,,
78,乐山职业技术学院,#N/A,乐山,职业,技术,,,,
79,雅安职业技术学院,#N/A,雅安,职业,技术,,,,
80,四川商务职业学院,#N/A,四川,商务,职业,,,,
81,四川司法警官职业学院,#N/A,四川,司法,警官,职业,,,
82,广安职业技术学院,#N/A,广安,职业,技术,,,,
83,四川信息职业技术学院,#N/A,四川,信息,职业,技术,,,
84,四川文化传媒职业学院,#N/A,四川,文化,传媒,文化传媒,职业,,
85,四川华新现代职业学院,#N/A,四川,华新,职业,,,,
86,四川管理职业学院,#N/A,四川,管理,职业,,,,
87,四川艺术职业学院,#N/A,四川,艺术,职业,,,,
88,四川中医药高等专科学校,#N/A,四川,中医,医药,中医药,专科,专科学校,
89,四川科技职业学院,#N/A,四川,科技,职业,,,,
90,四川文化产业职业学院,#N/A,四川,文化,产业,文化产业,职业,,
91,四川财经职业学院,#N/A,四川,财经,职业,,,,
92,四川城市职业学院,#N/A,四川,城市,职业,,,,
93,四川现代职业学院,#N/A,四川,职业,,,,,
94,四川幼儿师范高等专科学校,#N/A,四川,幼儿,师范,专科,专科学校,,
95,四川长江职业学院,#N/A,四川,长江,职业,,,,
96,四川三河职业学院,#N/A,四川,三河,职业,,,,
97,川北幼儿师范高等专科学校,#N/A,川北,幼儿,师范,专科,专科学校,,
98,四川卫生康复职业学院,#N/A,四川,卫生,康复,职业,,,
99,四川汽车职业技术学院,#N/A,四川,汽车,职业,技术,,,
100,巴中职业技术学院,#N/A,巴中,职业,技术,,,,
101,四川希望汽车职业学院,#N/A,四川,希望,汽车,职业,,,
102,四川电子机械职业技术学院,#N/A,四川,电子,机械,电子机械,职业,技术,
103,四川文轩职业学院,#N/A,四川,文轩,职业,,,,
104,川南幼儿师范高等专科学校,#N/A,川南,幼儿,师范,专科,专科学校,,
105,四川护理职业学院,#N/A,四川,护理,职业,护理职业,,,
106,成都工业职业技术学院,#N/A,成都,工业,职业,技术,,,
107,四川西南航空职业学院,#N/A,四川,西南,南航,航空,西南航空,职业,
108,成都工贸职业技术学院,#N/A,成都,工贸,职业,技术,,,
109,四川应用技术职业学院,#N/A,四川,技术,职业,,,,
1,贵州大学,108,贵州,,,,,,
2,贵州医科大学,348,贵州,医科大,医科大学,,,,
3,遵义医学院,367,遵义,医学,医学院,,,,
4,贵阳中医学院,380,贵阳,中医,医学,中医学,医学院,中医学院,
5,贵州师范大学,220,贵州,师范,师范大学,,,,
6,遵义师范学院,508,遵义,师范,师范学院,,,,
7,铜仁学院,651,铜仁,,,,,,
8,兴义民族师范学院,665,兴义,民族,师范,师范学院,,,
9,安顺学院,625,安顺,,,,,,
10,贵州工程应用技术学院,700,贵州,工程,技术,,,,
11,凯里学院,625,凯里,,,,,,
12,黔南民族师范学院,625,黔南,民族,师范,师范学院,,,
13,贵州财经大学,364,贵州,财经,财经大学,,,,
14,贵州民族大学,350,贵州,民族,,,,,
15,贵阳学院,604,贵阳,,,,,,
16,六盘水师范学院,691,六盘,六盘水,师范,师范学院,,,
17,贵州商学院,708,贵州,商学,商学院,,,,
18,贵州警察学院,暂无,贵州,警察,,,,,
19,贵阳中医学院时珍学院,#N/A,贵阳,中医,医学,中医学,医学院,中医学院,时珍
20,贵州财经大学商务学院,#N/A,贵州,财经,财经大学,商务,,,
21,贵州大学科技学院,#N/A,贵州,贵州大学,科技,,,,
22,贵州大学明德学院,#N/A,贵州,贵州大学,明德,,,,
23,贵州民族大学人文科技学院,#N/A,贵州,民族,学人,人文,大学人文,科技,
24,贵州师范大学求是学院,#N/A,贵州,师范,师范大学,求是,,,
25,遵义医学院医学与科技学院,#N/A,遵义,医学,医学院,医学,科技,,
26,"贵州医科大学神奇民族医药
学院",#N/A,贵州,医科大,医科大学,神奇,民族,医药,
27,贵州师范学院,523,贵州,师范,师范学院,,,,
28,贵州理工学院,604,贵州,理工,工学院,理工学院,,,
29,茅台学院,#N/A,茅台,,,,,,
30,黔南民族医学高等专科学校,#N/A,黔南,民族,医学,专科,专科学校,,
31,贵州交通职业技术学院,#N/A,贵州,交通,职业,技术,,,
32,贵州航天职业技术学院,#N/A,贵州,航天,职业,技术,,,
33,贵州电子信息职业技术学院,#N/A,贵州,电子,信息,电子信息,职业,技术,
34,安顺职业技术学院,#N/A,安顺,职业,技术,,,,
35,黔东南民族职业技术学院,#N/A,东南,黔东南,民族,职业,技术,,
36,黔南民族职业技术学院,#N/A,黔南,民族,职业,技术,,,
37,遵义职业技术学院,#N/A,遵义,职业,技术,,,,
38,贵州城市职业学院,#N/A,贵州,城市,职业,,,,
39,贵州工业职业技术学院,#N/A,贵州,工业,职业,技术,,,
40,贵州电力职业技术学院,#N/A,贵州,电力,职业,技术,,,
41,六盘水职业技术学院,#N/A,六盘,六盘水,职业,技术,,,
42,铜仁职业技术学院,#N/A,铜仁,职业,技术,,,,
43,黔西南民族职业技术学院,#N/A,黔西,西南,黔西南,民族,职业,技术,
44,贵州轻工职业技术学院,#N/A,贵州,轻工,职业,技术,,,
45,遵义医药高等专科学校,#N/A,遵义,医药,专科,专科学校,,,
46,贵阳护理职业学院,#N/A,贵阳,护理,职业,护理职业,,,
47,贵阳职业技术学院,#N/A,贵阳,职业,技术,,,,
48,毕节职业技术学院,#N/A,毕节,职业,技术,,,,
49,贵州职业技术学院,#N/A,贵州,职业,技术,,,,
50,贵州盛华职业学院,#N/A,贵州,盛华,职业,,,,
51,贵州工商职业学院,#N/A,贵州,工商,商职,职业,工商职业,,
52,贵阳幼儿师范高等专科学校,#N/A,贵阳,幼儿,师范,专科,专科学校,,
53,铜仁幼儿师范高等专科学校,#N/A,铜仁,幼儿,师范,专科,专科学校,,
54,"黔南民族幼儿师范高等专科
学校",#N/A,黔南,民族,幼儿,师范,专科,高等专科,
55,毕节医学高等专科学校,#N/A,毕节,医学,专科,专科学校,,,
56,贵州建设职业技术学院,#N/A,贵州,建设,职业,技术,,,
57,毕节幼儿师范高等专科学校,#N/A,毕节,幼儿,师范,专科,专科学校,,
58,贵州农业职业学院,#N/A,贵州,农业,职业,,,,
59,贵州工程职业学院,#N/A,贵州,工程,职业,,,,
60,贵州工贸职业学院,#N/A,贵州,工贸,职业,,,,
61,贵州水利水电职业技术学院,#N/A,贵州,水利,利水,水电,水利水电,职业,技术
62,贵州电子商务职业技术学院,#N/A,贵州,电子,商务,电子商务,职业,技术,
63,贵州应用技术职业学院,#N/A,贵州,技术,职业,,,,
64,贵州电子科技职业学院,#N/A,贵州,电子,科技,电子科技,职业,,
65,贵州装备制造职业学院,#N/A,贵州,装备,制造,职业,,,
66,贵州健康职业学院,#N/A,贵州,健康,职业,,,,
67,贵州食品工程职业学院,#N/A,贵州,食品,工程,职业,,,
68,贵州经贸职业技术学院,#N/A,贵州,经贸,职业,技术,,,
69,贵州护理职业技术学院,#N/A,贵州,护理,职业,护理职业,技术,,
70,贵州航空职业技术学院,#N/A,贵州,航空,职业,技术,,,
1,云南大学,70,云南,南大,,,,,
2,昆明理工大学,67,昆明,理工,理工大,理工大学,,,
3,云南农业大学,204,云南,农业,农业大学,,,,
4,西南林业大学,333,西南,林业,林业大学,,,,
5,昆明医科大学,310,昆明,医科大,医科大学,,,,
6,大理大学,424,大理,,,,,,
7,云南中医学院,465,云南,中医,医学,中医学,医学院,中医学院,
8,云南师范大学,163,云南,师范,师范大学,,,,
9,昭通学院,723,昭通,,,,,,
10,曲靖师范学院,483,曲靖,师范,师范学院,,,,
11,普洱学院,693,普洱,,,,,,
12,保山学院,691,保山,,,,,,
13,红河学院,584,红河,,,,,,
14,云南财经大学,266,云南,财经,财经大学,,,,
15,云南艺术学院,暂无,云南,艺术,,,,,
16,云南民族大学,169,云南,民族,,,,,
17,玉溪师范学院,519,玉溪,师范,师范学院,,,,
18,楚雄师范学院,498,楚雄,师范,师范学院,,,,
19,云南警官学院,暂无,云南,警官,,,,,
20,昆明学院,483,昆明,,,,,,
21,文山学院,680,文山,,,,,,
22,云南经济管理学院,#N/A,云南,经济,管理,,,,
23,云南大学滇池学院,#N/A,云南,南大,云南大学,滇池,,,
24,云南大学旅游文化学院,#N/A,云南,南大,云南大学,旅游,文化,,
25,昆明理工大学津桥学院,#N/A,昆明,理工,理工大,理工大学,津桥,,
26,云南师范大学商学院,#N/A,云南,师范,师范大学,商学,商学院,,
27,云南师范大学文理学院,#N/A,云南,师范,师范大学,文理,理学,理学院,文理学院
28,昆明医科大学海源学院,#N/A,昆明,医科大,医科大学,海源,,,
29,云南艺术学院文华学院,#N/A,云南,艺术,文华,,,,
30,云南工商学院,#N/A,云南,工商,商学,商学院,工商学院,,
31,滇西科技师范学院,713,滇西,科技,师范,师范学院,,,
32,滇西应用技术大学,697,滇西,技术,,,,,
33,昆明冶金高等专科学校,#N/A,昆明,冶金,专科,专科学校,,,
34,云南国土资源职业学院,#N/A,云南,国土,资源,国土资源,职业,,
35,云南交通职业技术学院,#N/A,云南,交通,职业,技术,,,
36,昆明工业职业技术学院,#N/A,昆明,工业,职业,技术,,,
37,云南农业职业技术学院,#N/A,云南,农业,职业,技术,,,
38,云南司法警官职业学院,#N/A,云南,司法,警官,职业,,,
39,云南文化艺术职业学院,#N/A,云南,文化,艺术,职业,,,
40,云南体育运动职业技术学院,#N/A,云南,体育,运动,体育运动,职业,技术,
41,云南科技信息职业学院,#N/A,云南,科技,信息,职业,,,
42,西双版纳职业技术学院,#N/A,版纳,西双版纳,职业,技术,,,
43,昆明艺术职业学院,#N/A,昆明,艺术,职业,,,,
44,玉溪农业职业技术学院,#N/A,玉溪,农业,职业,技术,,,
45,云南能源职业技术学院,#N/A,云南,能源,职业,技术,,,
46,云南国防工业职业技术学院,#N/A,云南,国防,工业,国防工业,职业,技术,
47,云南机电职业技术学院,#N/A,云南,机电,职业,技术,,,
48,云南林业职业技术学院,#N/A,云南,林业,职业,技术,,,
49,云南城市建设职业学院,#N/A,云南,城市,建设,职业,,,
50,云南工程职业学院,#N/A,云南,工程,职业,,,,
51,曲靖医学高等专科学校,#N/A,曲靖,医学,专科,专科学校,,,
52,楚雄医药高等专科学校,#N/A,楚雄,医药,专科,专科学校,,,
53,保山中医药高等专科学校,#N/A,保山,中医,医药,中医药,专科,专科学校,
54,丽江师范高等专科学校,#N/A,丽江,师范,专科,专科学校,,,
55,德宏师范高等专科学校,#N/A,德宏,师范,专科,专科学校,,,
56,云南新兴职业学院,#N/A,云南,新兴,职业,,,,
57,云南锡业职业技术学院,#N/A,云南,锡业,职业,技术,,,
58,云南经贸外事职业学院,#N/A,云南,经贸,外事,职业,,,
59,云南三鑫职业技术学院,#N/A,云南,三鑫,职业,技术,,,
60,德宏职业学院,#N/A,德宏,职业,,,,,
61,云南商务职业学院,#N/A,云南,商务,职业,,,,
62,昆明卫生职业学院,#N/A,昆明,卫生,职业,,,,
63,云南现代职业技术学院,#N/A,云南,职业,技术,,,,
64,云南旅游职业学院,#N/A,云南,旅游,云南旅游,职业,,,
65,红河卫生职业学院,#N/A,红河,卫生,职业,,,,
66,云南外事外语职业学院,#N/A,云南,外事,外语,职业,,,
67,大理农林职业技术学院,#N/A,大理,农林,职业,技术,,,
68,公安消防部队高等专科学校,#N/A,公安,消防,公安消防,部队,专科,专科学校,
69,云南财经职业学院,#N/A,云南,财经,职业,,,,
70,昆明铁道职业技术学院,#N/A,昆明,铁道,职业,技术,,,
71,昭通卫生职业学院,#N/A,昭通,卫生,职业,,,,
72,大理护理职业学院,#N/A,大理,护理,职业,护理职业,,,
73,云南水利水电职业学院,#N/A,云南,水利,利水,水电,水利水电,职业,
74,云南轻纺职业学院,#N/A,云南,轻纺,职业,,,,
75,云南特殊教育职业学院,#N/A,云南,教育,特殊教育,职业,,,
76,云南工贸职业技术学院,#N/A,云南,工贸,职业,技术,,,
77,云南交通运输职业学院,#N/A,云南,交通,通运,运输,交通运输,职业,
1,西藏大学,252,西藏,,,,,,
2,西藏民族大学,382,西藏,民族,,,,,
3,西藏藏医学院,658,西藏,藏,医学,医学院,,,
4,西藏农牧学院,699,西藏,农牧,,,,,
5,西藏警官高等专科学校,#N/A,西藏,警官,专科,专科学校,,,
6,拉萨师范高等专科学校,#N/A,拉萨,师范,专科,专科学校,,,
7,西藏职业技术学院,#N/A,西藏,职业,技术,,,,
1,西北大学,45,西北,北大,,,,,
2,西安交通大学,18,西安,交通,,,,,
3,西北工业大学,27,西北,工业,,,,,
4,西安理工大学,154,西安,理工,理工大,理工大学,,,
5,西安电子科技大学,51,西安,电子,科技,,,,
6,西安工业大学,342,西安,工业,,,,,
7,西安建筑科技大学,163,西安,建筑,科技,,,,
8,西安科技大学,263,西安,科技,,,,,
9,西安石油大学,318,西安,石油,西安石油,,,,
10,陕西科技大学,282,陕西,科技,,,,,
11,西安工程大学,344,西安,工程,,,,,
12,长安大学,91,长安,,,,,,
13,西北农林科技大学,56,西北,农林,科技,,,,
14,陕西中医药大学,391,陕西,中医,医药,中医药,中医药大学,,
15,陕西师范大学,65,陕西,师范,师范大学,,,,
16,延安大学,367,延安,,,,,,
17,陕西理工大学,498,陕西,理工,理工大,理工大学,,,
18,宝鸡文理学院,541,宝鸡,文理,理学,理学院,文理学院,,
19,咸阳师范学院,651,咸阳,师范,师范学院,,,,
20,渭南师范学院,658,渭南,师范,师范学院,,,,
21,西安外国语大学,暂无,西安,外国语,,,,,
22,西北政法大学,316,西北,政法,政法大,政法大学,,,
23,西安体育学院,暂无,西安,体育,,,,,
24,西安音乐学院,暂无,西安,音乐,音乐学,音乐学院,,,
25,西安美术学院,暂无,西安,美术,术学,美术学,,,
26,西安文理学院,548,西安,文理,理学,理学院,文理学院,,
27,榆林学院,635,榆林,,,,,,
28,商洛学院,680,商洛,,,,,,
29,安康学院,658,安康,,,,,,
30,西安培华学院,#N/A,西安,培华,,,,,
31,西安财经学院,452,西安,财经,经学,财经学院,,,
32,西安邮电大学,374,西安,邮电,电大,邮电大学,,,
33,西安航空学院,577,西安,航空,航空学,航空学院,,,
34,西安医学院,573,西安,医学,医学院,,,,
35,西安欧亚学院,#N/A,西安,欧亚,,,,,
36,西安外事学院,#N/A,西安,外事,外事学院,,,,
37,西安翻译学院,#N/A,西安,翻译,,,,,
38,西京学院,#N/A,西京,,,,,,
39,西安思源学院,#N/A,西安,思源,,,,,
40,陕西国际商贸学院,#N/A,陕西,国际,商贸,国际商贸,,,
41,陕西服装工程学院,#N/A,陕西,服装,工程,工程学院,,,
42,西安交通工程学院,#N/A,西安,交通,西安交通,工程,工程学院,,
43,西安交通大学城市学院,#N/A,西安,交通,西安交通大学,城市,,,
44,西北大学现代学院,#N/A,西北,北大,西北大学,,,,
45,西安建筑科技大学华清学院,#N/A,西安,建筑,科技,华清,,,
46,西安财经学院行知学院,#N/A,西安,财经,经学,财经学院,行,知,
47,陕西科技大学镐京学院,#N/A,陕西,科技,镐京,,,,
48,"西安工业大学北方信息工程
学院",#N/A,西安,工业,北方,信息,工程,信息工程,
49,延安大学西安创新学院,#N/A,延安,延安大学,西安,创新,,,
50,西安电子科技大学长安学院,#N/A,西安,电子,科技,西安电子科技大学,长安,,
51,西北工业大学明德学院,#N/A,西北,工业,西北工业大学,明德,,,
52,长安大学兴华学院,#N/A,长安,兴华,,,,,
53,西安理工大学高科学院,#N/A,西安,理工,理工大,理工大学,高,科学院,
54,西安科技大学高新学院,#N/A,西安,科技,高新,,,,
55,陕西学前师范学院,689,陕西,学前,师范,师范学院,,,
56,陕西工业职业技术学院,#N/A,陕西,工业,职业,技术,,,
57,杨凌职业技术学院,#N/A,杨凌,职业,技术,,,,
58,西安电力高等专科学校,#N/A,西安,电力,专科,专科学校,,,
59,陕西能源职业技术学院,#N/A,陕西,能源,职业,技术,,,
60,陕西国防工业职业技术学院,#N/A,陕西,国防,工业,国防工业,职业,技术,
61,西安航空职业技术学院,#N/A,西安,航空,职业,技术,,,
62,陕西财经职业技术学院,#N/A,陕西,财经,职业,技术,,,
63,陕西交通职业技术学院,#N/A,陕西,交通,职业,技术,,,
64,陕西职业技术学院,#N/A,陕西,职业,技术,,,,
65,西安高新科技职业学院,#N/A,西安,高新,新科,科技,高新科技,职业,
66,西安城市建设职业学院,#N/A,西安,城市,建设,职业,,,
67,陕西铁路工程职业技术学院,#N/A,陕西,铁路,工程,职业,技术,,
68,宝鸡职业技术学院,#N/A,宝鸡,职业,技术,,,,
69,陕西航空职业技术学院,#N/A,陕西,航空,职业,技术,,,
70,陕西电子信息职业技术学院,#N/A,陕西,电子,信息,电子信息,职业,技术,
71,陕西邮电职业技术学院,#N/A,陕西,邮电,职业,技术,,,
72,西安海棠职业学院,#N/A,西安,海棠,职业,,,,
73,西安汽车科技职业学院,#N/A,西安,汽车,科技,职业,,,
74,西安东方亚太职业技术学院,#N/A,西安,东方,亚太,职业,技术,,
75,陕西警官职业学院,#N/A,陕西,警官,职业,,,,
76,陕西经济管理职业技术学院,#N/A,陕西,经济,管理,职业,技术,,
77,西安铁路职业技术学院,#N/A,西安,铁路,职业,技术,,,
78,咸阳职业技术学院,#N/A,咸阳,职业,技术,,,,
79,西安职业技术学院,#N/A,西安,职业,技术,,,,
80,商洛职业技术学院,#N/A,商洛,职业,技术,,,,
81,汉中职业技术学院,#N/A,汉中,职业,技术,,,,
82,延安职业技术学院,#N/A,延安,职业,技术,,,,
83,渭南职业技术学院,#N/A,渭南,职业,技术,,,,
84,安康职业技术学院,#N/A,安康,职业,技术,,,,
85,铜川职业技术学院,#N/A,铜川,职业,技术,,,,
86,陕西青年职业学院,#N/A,陕西,青年,职业,,,,
87,陕西工商职业学院,#N/A,陕西,工商,商职,职业,工商职业,,
88,陕西电子科技职业学院,#N/A,陕西,电子,科技,电子科技,职业,,
89,陕西旅游烹饪职业学院,#N/A,陕西,旅游,烹饪,职业,,,
90,西安医学高等专科学校,#N/A,西安,医学,专科,专科学校,,,
91,榆林职业技术学院,#N/A,榆林,职业,技术,,,,
92,陕西艺术职业学院,#N/A,陕西,艺术,职业,,,,
93,陕西机电职业技术学院,#N/A,陕西,机电,职业,技术,,,
1,兰州大学,35,兰州,,,,,,
2,兰州理工大学,207,兰州,理工,理工大,理工大学,,,
3,兰州交通大学,185,兰州,交通,,,,,
4,甘肃农业大学,290,甘肃,农业,,,,,
5,甘肃中医药大学,463,甘肃,中医,医药,中医药,中医药大学,,
6,西北师范大学,129,西北,北师,师范,,,,
7,兰州城市学院,533,兰州,城市,,,,,
8,陇东学院,604,陇东,,,,,,
9,天水师范学院,519,天水,师范,师范学院,,,,
10,河西学院,541,河西,,,,,,
11,兰州财经大学,440,兰州,财经,财经大学,,,,
12,西北民族大学,301,西北,民族,,,,,
13,甘肃政法学院,483,甘肃,政法,法学,法学院,政法学院,,
14,甘肃民族师范学院,584,甘肃,民族,师范,师范学院,,,
15,兰州文理学院,625,兰州,文理,理学,理学院,文理学院,,
16,甘肃医学院,727,甘肃,医学,医学院,,,,
17,兰州工业学院,613,兰州,工业,,,,,
18,西北师范大学知行学院,#N/A,西北,北师,师范,西北师范大学,知,行,
19,兰州财经大学陇桥学院,#N/A,兰州,财经,财经大学,陇桥,,,
20,兰州财经大学长青学院,#N/A,兰州,财经,财经大学,长青,,,
21,兰州交通大学博文学院,#N/A,兰州,交通,博文,,,,
22,兰州理工大学技术工程学院,#N/A,兰州,理工大,理工大学,工程学院,,,
23,兰州石化职业技术学院,#N/A,兰州,石化,职业,技术,,,
24,陇南师范高等专科学校,#N/A,陇南,师范,专科,专科学校,,,
25,定西师范高等专科学校,#N/A,定西,师范,专科,专科学校,,,
26,甘肃建筑职业技术学院,#N/A,甘肃,建筑,职业,技术,,,
27,酒泉职业技术学院,#N/A,酒泉,职业,技术,,,,
28,兰州外语职业学院,#N/A,兰州,外语,职业,,,,
29,兰州职业技术学院,#N/A,兰州,职业,技术,,,,
30,甘肃警察职业学院,#N/A,甘肃,警察,职业,,,,
31,甘肃林业职业技术学院,#N/A,甘肃,林业,职业,技术,,,
32,甘肃工业职业技术学院,#N/A,甘肃,工业,职业,技术,,,
33,武威职业学院,#N/A,武威,职业,,,,,
34,甘肃交通职业技术学院,#N/A,甘肃,交通,职业,技术,,,
35,兰州资源环境职业技术学院,#N/A,兰州,资源,环境,职业,技术,,
36,甘肃农业职业技术学院,#N/A,甘肃,农业,职业,技术,,,
37,甘肃畜牧工程职业技术学院,#N/A,甘肃,畜牧,工程,职业,技术,,
38,甘肃钢铁职业技术学院,#N/A,甘肃,钢铁,职业,技术,,,
39,甘肃机电职业技术学院,#N/A,甘肃,机电,职业,技术,,,
40,甘肃有色冶金职业技术学院,#N/A,甘肃,有色,冶金,职业,技术,,
41,白银矿冶职业技术学院,#N/A,白银,矿冶,职业,技术,,,
42,甘肃卫生职业学院,#N/A,甘肃,卫生,职业,,,,
43,兰州科技职业学院,#N/A,兰州,科技,职业,,,,
44,庆阳职业技术学院,#N/A,庆阳,职业,技术,,,,
45,临夏现代职业学院,#N/A,临夏,职业,,,,,
46,甘肃能源化工职业学院,#N/A,甘肃,能源,化工,职业,,,
47,兰州现代职业学院,#N/A,兰州,职业,,,,,
48,平凉职业技术学院,#N/A,平凉,职业,技术,,,,
49,甘肃财贸职业学院,#N/A,甘肃,财贸,职业,,,,
1,青海大学,246,青海,海大,,,,,
2,青海师范大学,344,青海,师范,师范大学,,,,
3,青海民族大学,344,青海,民族,,,,,
4,青海大学昆仑学院,#N/A,青海,海大,青海大学,昆仑,,,
5,青海卫生职业技术学院,#N/A,青海,卫生,职业,技术,,,
6,青海警官职业学院,#N/A,青海,警官,职业,,,,
7,青海畜牧兽医职业技术学院,#N/A,青海,畜牧,兽医,职业,技术,,
8,青海交通职业技术学院,#N/A,青海,交通,职业,技术,,,
9,青海建筑职业技术学院,#N/A,青海,建筑,职业,技术,,,
10,西宁城市职业技术学院,#N/A,西宁,城市,职业,技术,,,
11,青海高等职业技术学院,#N/A,青海,职业,高等职业,技术,,,
12,青海柴达木职业技术学院,#N/A,青海,柴达木,职业,技术,,,
1,宁夏大学,192,宁夏,,,,,,
2,宁夏医科大学,288,宁夏,医科大,医科大学,,,,
3,宁夏师范学院,427,宁夏,师范,师范学院,,,,
4,北方民族大学,372,北方,民族,,,,,
5,宁夏理工学院,#N/A,宁夏,理工,工学院,理工学院,,,
6,宁夏大学新华学院,#N/A,宁夏,宁夏大学,新华,,,,
7,银川能源学院,#N/A,银川,能源,,,,,
8,中国矿业大学银川学院,#N/A,中国,矿业,中国矿业大学,银川,,,
9,宁夏民族职业技术学院,#N/A,宁夏,民族,职业,技术,,,
10,宁夏工业职业学院,#N/A,宁夏,工业,职业,,,,
11,宁夏职业技术学院,#N/A,宁夏,职业,技术,,,,
12,宁夏工商职业技术学院,#N/A,宁夏,工商,商职,职业,工商职业,技术,
13,宁夏财经职业技术学院,#N/A,宁夏,财经,职业,技术,,,
14,宁夏警官职业学院,#N/A,宁夏,警官,职业,,,,
15,宁夏建设职业技术学院,#N/A,宁夏,建设,职业,技术,,,
16,宁夏葡萄酒与防沙治沙职业技术学院,#N/A,宁夏,葡萄,葡萄酒,防沙,治沙,职业,技术
17,宁夏幼儿师范高等专科学校,#N/A,宁夏,幼儿,师范,专科,专科学校,,
18,宁夏艺术职业学院,#N/A,宁夏,艺术,职业,,,,
19,宁夏体育职业学院,#N/A,宁夏,体育,职业,,,,
1,新疆大学,110,新疆,,,,,,
2,塔里木大学,385,塔里,塔里木,,,,,
3,新疆农业大学,263,新疆,农业,农业大学,,,,
4,石河子大学,174,石河,河子,石河子,,,,
5,新疆医科大学,259,新疆,医科大,,,,,
6,新疆师范大学,239,新疆,师范,,,,,
7,喀什大学,584,喀什,,,,,,
8,伊犁师范学院,557,伊犁,师范,师范学院,,,,
9,新疆财经大学,365,新疆,财经,财经大学,,,,
10,新疆艺术学院,暂无,新疆,艺术,,,,,
11,新疆工程学院,625,新疆,工程,工程学院,,,,
12,昌吉学院,625,昌吉,,,,,,
13,新疆警察学院,暂无,新疆,警察,,,,,
14,新疆大学科学技术学院,#N/A,新疆,新疆大学,技术,科学技术,,,
15,新疆农业大学科学技术学院,#N/A,新疆,农业,农业大学,技术,科学技术,,
16,新疆医科大学厚博学院,#N/A,新疆,医科大,新疆医科大学,厚博,,,
17,新疆财经大学商务学院,#N/A,新疆,财经,财经大学,商务,,,
18,石河子大学科技学院,#N/A,石河,河子,石河子,石河子大学,科技,,
19,和田师范专科学校,#N/A,和田,师范,专科,专科学校,,,
20,新疆农业职业技术学院,#N/A,新疆,农业,职业,技术,,,
21,乌鲁木齐职业大学,#N/A,乌鲁木齐,职业,,,,,
22,新疆维吾尔医学专科学校,#N/A,新疆,维吾尔,新疆维吾尔,医学,专科,专科学校,
23,克拉玛依职业技术学院,#N/A,克拉,拉玛,克拉玛依,职业,技术,,
24,新疆机电职业技术学院,#N/A,新疆,机电,职业,技术,,,
25,新疆轻工职业技术学院,#N/A,新疆,轻工,职业,技术,,,
26,新疆能源职业技术学院,#N/A,新疆,能源,职业,技术,,,
27,昌吉职业技术学院,#N/A,昌吉,职业,技术,,,,
28,伊犁职业技术学院,#N/A,伊犁,职业,技术,,,,
29,阿克苏职业技术学院,#N/A,阿克,阿克苏,职业,技术,,,
30,巴音郭楞职业技术学院,#N/A,巴音郭,巴音郭楞,职业,技术,,,
31,新疆建设职业技术学院,#N/A,新疆,建设,职业,技术,,,
32,新疆兵团警官高等专科学校,#N/A,新疆,兵团,警官,专科,专科学校,,
33,新疆现代职业技术学院,#N/A,新疆,职业,技术,,,,
34,新疆天山职业技术学院,#N/A,新疆,天山,职业,技术,,,
35,新疆交通职业技术学院,#N/A,新疆,交通,职业,技术,,,
36,新疆石河子职业技术学院,#N/A,新疆,石河,河子,石河子,职业,技术,
37,新疆职业大学,#N/A,新疆,职业,,,,,
38,新疆体育职业技术学院,#N/A,新疆,体育,职业,技术,,,
39,新疆应用职业技术学院,#N/A,新疆,职业,技术,,,,
40,新疆师范高等专科学校,#N/A,新疆,师范,专科,专科学校,,,
41,新疆铁道职业技术学院,#N/A,新疆,铁道,职业,技术,,,
42,新疆生产建设兵团兴新职业技术学院,#N/A,新疆,新疆生产建设兵团,兴新,职业,技术,,
43,哈密职业技术学院,#N/A,哈密,职业,技术,,,,
44,新疆科技职业技术学院,#N/A,新疆,科技,职业,技术,,,
45,吐鲁番职业技术学院,#N/A,鲁番,吐鲁番,职业,技术,,,
46,博尔塔拉职业技术学院,#N/A,尔塔,塔拉,博尔塔,博尔塔拉,职业,技术,
47,新疆工业职业技术学院,#N/A,新疆,工业,职业,技术,,,
